<!doctype html>
<html lang='en-GB'>
  <head>
    <meta charset='utf-8' />
    <title>Minister of State (Hansard)</title>
    <meta author='UK Parliament' />
    <meta content='51ff727eff55314a' name='y_key' />
    <link href='http://www.parliament.uk/site_information/parliamentary_copyright.cfm' rel='copyright' />
    <meta content='Hansard, House of Commons, House of Lords, Parliament, UK' name='keywords' />
    <meta content='List of holders of the office of Minister of State in the period 1803 to 2005' name='description' />
    <link href="/stylesheets/screen.css" media="screen" rel="stylesheet" title="Default" type="text/css" />
    <link href="/stylesheets/print.css" media="print" rel="stylesheet" type="text/css" />
  </head>
  <body id='hansard-millbanksytems-com'>
    <div id='header'>
      <div class='search-help'><a href="/search">Search Help</a></div>
            <form action='http://hansard.millbanksystems.com/search' id='search' method='post' rel='search'>
        <input size='24' title='Access key: S' accesskey='s' name='query' id='search-query' type='search' placeholder='Search Hansard' autosave='hansard.millbanksystems.com' results='10' value='' >
        <input type='submit' value='Search' >
      </form>

      <div id='nav'>
        <a href="/" id="home" rel="home">HANSARD 1803&ndash;2005</a>
        &rarr;
                <a class='offices' href='/offices/m'>
          Offices (M)
        </a>

      </div>
      <h1 class='title'>Minister of State</h1>
    </div>
    <div class='page' id='content'>
      
      <h3>People</h3>
      <ol class='office-holders'>
        <li class='office-holder'><a href="/people/mr-anthony-eden">Mr Anthony Eden</a> 1935 - 1935</li>
        <li class='office-holder'><a href="/people/mr-david-margesson">Mr David Margesson</a> 1940 - 1942</li>
        <li class='office-holder'><a href="/people/mr-oliver-lyttelton">Mr Oliver Lyttelton</a> 1941 - 1942</li>
        <li class='office-holder'><a href="/people/mr-richard-law">Mr Richard Law</a> 1943 - 1945</li>
        <li class='office-holder'><a href="/people/lieut-colonel-sir-edward-grigg">Lieut-Colonel Sir Edward Grigg</a> 1944 - 1945</li>
        <li class='office-holder'><a href="/people/mr-philip-noel-baker">Mr Philip Noel-Baker</a> 1945 - 1946</li>
        <li class='office-holder'><a href="/people/mr-william-mabane">Mr William Mabane</a> 1945 - 1945</li>
        <li class='office-holder'><a href="/people/mr-hector-mcneill">Mr Hector McNeill</a> 1946 - 1950</li>
        <li class='office-holder'><a href="/people/mr-kenneth-younger">Mr Kenneth Younger</a> 1950 - 1951</li>
        <li class='office-holder'><a href="/people/mr-hugh-gaitskell">Mr Hugh Gaitskell</a> 1950 - 1950</li>
        <li class='office-holder'><a href="/people/mr-john-dugdale-1">Mr John Dugdale</a> 1950 - 1951</li>
        <li class='office-holder'><a href="/people/ms-beverley-hughes">Ms Beverley Hughes</a> ? - 2004</li>
        <li class='office-holder'><a href="/people/sir-alec-douglas-home">Sir Alec Douglas-Home</a> 1951 - 1955</li>
        <li class='office-holder'><a href="/people/mr-selwyn-lloyd">Mr Selwyn Lloyd</a> 1951 - 1954</li>
        <li class='office-holder'><a href="/people/mr-alan-lennox-boyd">Mr Alan Lennox-Boyd</a> 1951 - 1952</li>
        <li class='office-holder'><a href="/people/mr-henry-hopkinson">Mr Henry Hopkinson</a> 1952 - 1955</li>
        <li class='office-holder'><a href="/people/mr-derick-heathcoat-amory">Mr Derick Heathcoat-Amory</a> 1953 - 1954</li>
        <li class='office-holder'><a href="/people/sir-toby-low">Sir Toby Low</a> 1954 - 1957</li>
        <li class='office-holder'><a href="/people/mr-anthony-nutting">Mr Anthony Nutting</a> 1954 - 1956</li>
        <li class='office-holder'><a href="/people/mr-john-hare">Mr John Hare</a> 1955 - 1956</li>
        <li class='office-holder'><a href="/people/mr-stephen-timms">Mr Stephen Timms</a> ? - 2004</li>
        <li class='office-holder'><a href="/people/sir-allan-noble">Sir Allan Noble</a> 1956 - 1959</li>
        <li class='office-holder'><a href="/people/hon-john-maclay">Hon. John Maclay</a> 1956 - 1957</li>
        <li class='office-holder'><a href="/people/mr-william-ormsby-gore-3">Mr William Ormsby-Gore</a> 1957 - 1961</li>
        <li class='office-holder'><a href="/people/mr-derek-walker-smith">Mr Derek Walker-Smith</a> 1957 - 1957</li>
        <li class='office-holder'><a href="/people/mr-john-vaughan-morgan">Mr John Vaughan-Morgan</a> 1957 - 1959</li>
        <li class='office-holder'><a href="/people/mr-frederick-erroll">Mr Frederick Erroll</a> 1959 - 1961</li>
        <li class='office-holder'><a href="/people/mr-cuthbert-alport">Mr Cuthbert Alport</a> 1959 - 1961</li>
        <li class='office-holder'><a href="/people/mr-dennis-vosper">Mr Dennis Vosper</a> 1960 - 1961</li>
        <li class='office-holder'><a href="/people/mr-david-renton">Mr David Renton</a> 1961 - 1962</li>
        <li class='office-holder'><a href="/people/sir-keith-joseph">Sir Keith Joseph</a> 1961 - 1962</li>
        <li class='office-holder'><a href="/people/mr-joseph-godber">Mr Joseph Godber</a> 1961 - 1963</li>
        <li class='office-holder'><a href="/people/mr-alan-green">Mr Alan Green</a> 1962 - 1963</li>
        <li class='office-holder'><a href="/people/mr-peter-thomas">Mr Peter Thomas</a> 1963 - 1964</li>
        <li class='office-holder'><a href="/people/mr-edward-du-cann">Mr Edward Du Cann</a> 1963 - 1964</li>
        <li class='office-holder'><a href="/people/mr-niall-macpherson">Mr Niall Macpherson</a> 1963 - 1964</li>
        <li class='office-holder'><a href="/people/sir-austen-albu">Sir Austen Albu</a> 1964 - 1967</li>
        <li class='office-holder'><a href="/people/mr-george-thomson">Mr George Thomson</a> 1964 - 1966</li>
        <li class='office-holder'><a href="/people/mr-cledwyn-hughes">Mr Cledwyn Hughes</a> 1964 - 1966</li>
        <li class='office-holder'><a href="/people/mr-anthony-crosland">Mr Anthony Crosland</a> 1964 - 1965</li>
        <li class='office-holder'><a href="/people/mr-hugh-fraser">Mr Hugh Fraser</a> 1964 - 1964</li>
        <li class='office-holder'><a href="/people/mr-eustace-willis">Mr Eustace Willis</a> 1964 - 1967</li>
        <li class='office-holder'><a href="/people/mr-edward-redhead">Mr Edward Redhead</a> 1964 - 1965</li>
        <li class='office-holder'><a href="/people/miss-alice-bacon">Miss Alice Bacon</a> 1964 - 1967</li>
        <li class='office-holder'><a href="/people/mr-george-darling">Mr George Darling</a> 1964 - 1968</li>
        <li class='office-holder'><a href="/people/mr-goronwy-roberts">Mr Goronwy Roberts</a> 1964 - 1966</li>
        <li class='office-holder'><a href="/people/mr-edward-redhead">Mr Edward Redhead</a> 1965 - 1967</li>
        <li class='office-holder'><a href="/people/mr-gerald-reynolds">Mr Gerald Reynolds</a> 1965 - 1967</li>
        <li class='office-holder'><a href="/people/mrs-judith-hart">Mrs Judith Hart</a> 1966 - 1967</li>
        <li class='office-holder'><a href="/people/mr-goronwy-roberts">Mr Goronwy Roberts</a> 1966 - 1967</li>
        <li class='office-holder'><a href="/people/mrs-eirene-white">Mrs Eirene White</a> 1966 - 1967</li>
        <li class='office-holder'><a href="/people/mr-george-thomas">Mr George Thomas</a> 1966 - 1967</li>
        <li class='office-holder'><a href="/people/dr-dickson-mabon">Dr Dickson Mabon</a> 1967 - 1970</li>
        <li class='office-holder'><a href="/people/mr-goronwy-roberts">Mr Goronwy Roberts</a> 1967 - 1969</li>
        <li class='office-holder'><a href="/people/miss-jennie-lee">Miss Jennie Lee</a> 1967 - 1970</li>
        <li class='office-holder'><a href="/people/mr-george-thomson">Mr George Thomson</a> 1967 - 1967</li>
        <li class='office-holder'><a href="/people/mrs-shirley-williams">Mrs Shirley Williams</a> 1967 - 1969</li>
        <li class='office-holder'><a href="/people/miss-alice-bacon">Miss Alice Bacon</a> 1967 - 1970</li>
        <li class='office-holder'><a href="/people/mr-niall-macdermot">Mr Niall MacDermot</a> 1967 - 1968</li>
        <li class='office-holder'><a href="/people/mr-frederick-willey">Mr Frederick Willey</a> 1967 - 1967</li>
        <li class='office-holder'><a href="/people/mr-fred-mulley">Mr Fred Mulley</a> 1967 - 1969</li>
        <li class='office-holder'><a href="/people/mr-george-thomas">Mr George Thomas</a> 1967 - 1968</li>
        <li class='office-holder'><a href="/people/mrs-eirene-white">Mrs Eirene White</a> 1967 - 1970</li>
        <li class='office-holder'><a href="/people/mr-gerald-reynolds">Mr Gerald Reynolds</a> 1967 - 1969</li>
        <li class='office-holder'><a href="/people/mr-joseph-mallalieu">Mr Joseph Mallalieu</a> 1967 - 1968</li>
        <li class='office-holder'><a href="/people/mr-dick-taverne">Mr Dick Taverne</a> 1968 - 1969</li>
        <li class='office-holder'><a href="/people/mr-william-rodgers">Mr William Rodgers</a> 1968 - 1969</li>
        <li class='office-holder'><a href="/people/mr-edmund-dell">Mr Edmund Dell</a> 1968 - 1969</li>
        <li class='office-holder'><a href="/people/mr-thomas-urwin">Mr Thomas Urwin</a> 1968 - 1969</li>
        <li class='office-holder'><a href="/people/mr-joseph-mallalieu">Mr Joseph Mallalieu</a> 1968 - 1969</li>
        <li class='office-holder'><a href="/people/mr-gerald-fowler">Mr Gerald Fowler</a> 1969 - 1970</li>
        <li class='office-holder'><a href="/people/mr-goronwy-roberts">Mr Goronwy Roberts</a> 1969 - 1970</li>
        <li class='office-holder'><a href="/people/mr-william-rodgers">Mr William Rodgers</a> 1969 - 1970</li>
        <li class='office-holder'><a href="/people/mrs-shirley-williams">Mrs Shirley Williams</a> 1969 - 1970</li>
        <li class='office-holder'><a href="/people/mr-edmund-dell">Mr Edmund Dell</a> 1969 - 1970</li>
        <li class='office-holder'><a href="/people/mr-thomas-urwin">Mr Thomas Urwin</a> 1969 - 1970</li>
        <li class='office-holder'><a href="/people/mr-eric-varley">Mr Eric Varley</a> 1969 - 1970</li>
        <li class='office-holder'><a href="/people/mr-denis-howell">Mr Denis Howell</a> 1969 - 1970</li>
        <li class='office-holder'><a href="/people/mr-terence-higgins">Mr Terence Higgins</a> 1970 - 1972</li>
        <li class='office-holder'><a href="/people/mr-joseph-godber">Mr Joseph Godber</a> 1970 - 1972</li>
        <li class='office-holder'><a href="/people/mr-john-eden">Mr John Eden</a> 1970 - 1972</li>
        <li class='office-holder'><a href="/people/mr-graham-page">Mr Graham Page</a> 1970 - 1970</li>
        <li class='office-holder'><a href="/people/mr-christopher-chataway">Mr Christopher Chataway</a> 1970 - 1972</li>
        <li class='office-holder'><a href="/people/mr-david-gibson-watt">Mr David Gibson-Watt</a> 1970 - 1974</li>
        <li class='office-holder'><a href="/people/lord-balniel-1">Lord  Balniel</a> 1970 - 1972</li>
        <li class='office-holder'><a href="/people/mr-richard-sharples">Mr Richard Sharples</a> 1970 - 1972</li>
        <li class='office-holder'><a href="/people/mr-paul-bryan">Mr Paul Bryan</a> 1970 - 1972</li>
        <li class='office-holder'><a href="/people/mr-julian-amery">Mr Julian Amery</a> 1972 - 1974</li>
        <li class='office-holder'><a href="/people/mr-john-nott">Mr John Nott</a> 1972 - 1974</li>
        <li class='office-holder'><a href="/people/mr-thomas-boardman">Mr Thomas Boardman</a> 1972 - 1974</li>
        <li class='office-holder'><a href="/people/mr-mark-carlisle">Mr Mark Carlisle</a> 1972 - 1974</li>
        <li class='office-holder'><a href="/people/mr-william-van-straubenzee">Mr William Van Straubenzee</a> 1972 - 1974</li>
        <li class='office-holder'><a href="/people/mr-christopher-chataway">Mr Christopher Chataway</a> 1972 - 1974</li>
        <li class='office-holder'><a href="/people/mr-james-stodart">Mr James Stodart</a> 1972 - 1974</li>
        <li class='office-holder'><a href="/people/mr-ian-gilmour">Mr Ian Gilmour</a> 1972 - 1974</li>
        <li class='office-holder'><a href="/people/mr-paul-channon">Mr Paul Channon</a> 1972 - 1972</li>
        <li class='office-holder'><a href="/people/lord-balniel-1">Lord  Balniel</a> 1972 - 1974</li>
        <li class='office-holder'><a href="/people/mr-denis-howell">Mr Denis Howell</a> 1974 - 1979</li>
        <li class='office-holder'><a href="/people/mr-charles-morris">Mr Charles Morris</a> 1974 - 1979</li>
        <li class='office-holder'><a href="/people/dr-david-owen">Dr David Owen</a> 1974 - 1976</li>
        <li class='office-holder'><a href="/people/mr-albert-booth">Mr Albert Booth</a> 1974 - 1976</li>
        <li class='office-holder'><a href="/people/mr-eric-heffer">Mr Eric Heffer</a> 1974 - 1975</li>
        <li class='office-holder'><a href="/people/mr-norman-buchan">Mr Norman Buchan</a> 1974 - 1974</li>
        <li class='office-holder'><a href="/people/mr-william-rodgers">Mr William Rodgers</a> 1974 - 1976</li>
        <li class='office-holder'><a href="/people/mr-george-younger-1">Mr George Younger</a> 1974 - 1974</li>
        <li class='office-holder'><a href="/people/mr-alan-j-williams">Mr Alan J. Williams</a> 1974 - 1976</li>
        <li class='office-holder'><a href="/people/mr-roland-moyle">Mr Roland Moyle</a> 1974 - 1976</li>
        <li class='office-holder'><a href="/people/mr-robert-sheldon">Mr Robert Sheldon</a> 1974 - 1975</li>
        <li class='office-holder'><a href="/people/mr-bruce-millan">Mr Bruce Millan</a> 1974 - 1976</li>
        <li class='office-holder'><a href="/people/mr-brian-omalley">Mr Brian O'Malley</a> 1974 - 1976</li>
        <li class='office-holder'><a href="/people/mr-david-howell">Mr David Howell</a> 1974 - 1974</li>
        <li class='office-holder'><a href="/people/mr-alex-lyon">Mr Alex Lyon</a> 1974 - 1976</li>
        <li class='office-holder'><a href="/people/mr-gerald-kaufman">Mr Gerald Kaufman</a> 1975 - 1979</li>
        <li class='office-holder'><a href="/people/mr-john-smith">Mr John Smith</a> 1975 - 1976</li>
        <li class='office-holder'><a href="/people/mr-denzil-davies">Mr Denzil Davies</a> 1975 - 1979</li>
        <li class='office-holder'><a href="/people/dr-john-gilbert">Dr John Gilbert</a> 1975 - 1976</li>
        <li class='office-holder'><a href="/people/mr-gregor-mackenzie">Mr Gregor Mackenzie</a> 1975 - 1976</li>
        <li class='office-holder'><a href="/people/dr-dickson-mabon">Dr Dickson Mabon</a> 1976 - 1979</li>
        <li class='office-holder'><a href="/people/mr-john-fraser">Mr John Fraser</a> 1976 - 1979</li>
        <li class='office-holder'><a href="/people/mr-john-smith">Mr John Smith</a> 1976 - 1978</li>
        <li class='office-holder'><a href="/people/mr-brynmor-john">Mr Brynmor John</a> 1976 - 1979</li>
        <li class='office-holder'><a href="/people/mr-gordon-oakes">Mr Gordon Oakes</a> 1976 - 1979</li>
        <li class='office-holder'><a href="/people/dr-john-gilbert">Dr John Gilbert</a> 1976 - 1979</li>
        <li class='office-holder'><a href="/people/mr-ted-rowlands">Mr Ted Rowlands</a> 1976 - 1979</li>
        <li class='office-holder'><a href="/people/mr-gregor-mackenzie">Mr Gregor Mackenzie</a> 1976 - 1979</li>
        <li class='office-holder'><a href="/people/mr-harold-walker">Mr Harold Walker</a> 1976 - 1979</li>
        <li class='office-holder'><a href="/people/mr-alan-j-williams">Mr Alan J. Williams</a> 1976 - 1979</li>
        <li class='office-holder'><a href="/people/dr-david-owen">Dr David Owen</a> 1976 - 1977</li>
        <li class='office-holder'><a href="/people/mr-roland-moyle">Mr Roland Moyle</a> 1976 - 1979</li>
        <li class='office-holder'><a href="/people/mr-stan-orme">Mr Stan Orme</a> 1976 - 1976</li>
        <li class='office-holder'><a href="/people/mr-don-concannon">Mr Don Concannon</a> 1976 - 1979</li>
        <li class='office-holder'><a href="/people/mr-frank-judd">Mr Frank Judd</a> 1977 - 1979</li>
        <li class='office-holder'><a href="/people/mr-neil-marten">Mr Neil Marten</a> 1979 - 1983</li>
        <li class='office-holder'><a href="/people/mr-tom-king">Mr Tom King</a> 1979 - 1983</li>
        <li class='office-holder'><a href="/people/hon-douglas-hurd">Hon. Douglas Hurd</a> 1979 - 1983</li>
        <li class='office-holder'><a href="/people/mr-leon-brittan">Mr Leon Brittan</a> 1979 - 1981</li>
        <li class='office-holder'><a href="/people/mr-alick-buchanan-smith">Mr Alick Buchanan-Smith</a> 1979 - 1983</li>
        <li class='office-holder'><a href="/people/mr-michael-alison">Mr Michael Alison</a> 1979 - 1981</li>
        <li class='office-holder'><a href="/people/mr-timothy-raison">Mr Timothy Raison</a> 1979 - 1983</li>
        <li class='office-holder'><a href="/people/mr-hugh-rossi">Mr Hugh Rossi</a> 1979 - 1981</li>
        <li class='office-holder'><a href="/people/mr-peter-rees">Mr Peter Rees</a> 1979 - 1981</li>
        <li class='office-holder'><a href="/people/mrs-sally-oppenheim">Mrs Sally Oppenheim</a> 1979 - 1982</li>
        <li class='office-holder'><a href="/people/dr-gerard-vaughan">Dr Gerard Vaughan</a> 1979 - 1982</li>
        <li class='office-holder'><a href="/people/hon-nicholas-ridley">Hon. Nicholas Ridley</a> 1979 - 1981</li>
        <li class='office-holder'><a href="/people/mr-paul-channon">Mr Paul Channon</a> 1979 - 1981</li>
        <li class='office-holder'><a href="/people/mr-michael-alison">Mr Michael Alison</a> 1981 - 1983</li>
        <li class='office-holder'><a href="/people/sir-patrick-mayhew">Sir Patrick Mayhew</a> 1981 - 1983</li>
        <li class='office-holder'><a href="/people/mr-barney-hayhoe">Mr Barney Hayhoe</a> 1981 - 1981</li>
        <li class='office-holder'><a href="/people/mr-norman-tebbit">Mr Norman Tebbit</a> 1981 - 1981</li>
        <li class='office-holder'><a href="/people/mr-norman-lamont-1">Mr Norman Lamont</a> 1981 - 1985</li>
        <li class='office-holder'><a href="/people/mr-hugh-rossi">Mr Hugh Rossi</a> 1981 - 1983</li>
        <li class='office-holder'><a href="/people/mr-peter-rees">Mr Peter Rees</a> 1981 - 1983</li>
        <li class='office-holder'><a href="/people/mr-richard-luce">Mr Richard Luce</a> 1981 - 1982</li>
        <li class='office-holder'><a href="/people/hon-adam-butler">Hon. Adam Butler</a> 1981 - 1983</li>
        <li class='office-holder'><a href="/people/mr-kenneth-baker">Mr Kenneth Baker</a> 1981 - 1984</li>
        <li class='office-holder'><a href="/people/mr-john-wakeham">Mr John Wakeham</a> 1982 - 1983</li>
        <li class='office-holder'><a href="/people/mr-cranley-onslow">Mr Cranley Onslow</a> 1982 - 1983</li>
        <li class='office-holder'><a href="/people/dr-gerard-vaughan">Dr Gerard Vaughan</a> 1982 - 1983</li>
        <li class='office-holder'><a href="/people/mr-timothy-raison">Mr Timothy Raison</a> 1983 - 1986</li>
        <li class='office-holder'><a href="/people/mr-alick-buchanan-smith">Mr Alick Buchanan-Smith</a> 1983 - 1991</li>
        <li class='office-holder'><a href="/people/dr-rhodes-boyson">Dr Rhodes Boyson</a> 1983 - 1984</li>
        <li class='office-holder'><a href="/people/mr-john-stradling-thomas">Mr John Stradling Thomas</a> 1983 - 1985</li>
        <li class='office-holder'><a href="/people/mr-william-waldegrave">Mr William Waldegrave</a> 1983 - 1988</li>
        <li class='office-holder'><a href="/people/mr-john-gummer">Mr John Gummer</a> 1983 - 1984</li>
        <li class='office-holder'><a href="/people/mr-paul-channon">Mr Paul Channon</a> 1983 - 1986</li>
        <li class='office-holder'><a href="/people/mr-david-waddington">Mr David Waddington</a> 1983 - 1987</li>
        <li class='office-holder'><a href="/people/mr-john-macgregor">Mr John MacGregor</a> 1983 - 1985</li>
        <li class='office-holder'><a href="/people/mr-malcolm-rifkind">Mr Malcolm Rifkind</a> 1983 - 1986</li>
        <li class='office-holder'><a href="/people/mr-richard-luce">Mr Richard Luce</a> 1983 - ?</li>
        <li class='office-holder'><a href="/people/dr-rhodes-boyson">Dr Rhodes Boyson</a> 1984 - 1986</li>
        <li class='office-holder'><a href="/people/mr-giles-shaw">Mr Giles Shaw</a> 1984 - 1986</li>
        <li class='office-holder'><a href="/people/mr-kenneth-baker">Mr Kenneth Baker</a> 1984 - 1985</li>
        <li class='office-holder'><a href="/people/mr-tony-newton">Mr Tony Newton</a> 1984 - 1986</li>
        <li class='office-holder'><a href="/people/mr-chris-patten">Mr Chris Patten</a> 1985 - 1986</li>
        <li class='office-holder'><a href="/people/mr-timothy-renton">Mr Timothy Renton</a> 1985 - 1987</li>
        <li class='office-holder'><a href="/people/mr-peter-brooke">Mr Peter Brooke</a> 1985 - 1987</li>
        <li class='office-holder'><a href="/people/mr-norman-lamont-1">Mr Norman Lamont</a> 1985 - 1986</li>
        <li class='office-holder'><a href="/people/mr-ian-gow">Mr Ian Gow</a> 1985 - 1985</li>
        <li class='office-holder'><a href="/people/mr-chris-patten">Mr Chris Patten</a> 1986 - 1989</li>
        <li class='office-holder'><a href="/people/mr-nicholas-scott">Mr Nicholas Scott</a> 1986 - 1987</li>
        <li class='office-holder'><a href="/people/dr-rhodes-boyson">Dr Rhodes Boyson</a> 1986 - 1987</li>
        <li class='office-holder'><a href="/people/mr-alan-clark">Mr Alan Clark</a> 1986 - 1990</li>
        <li class='office-holder'><a href="/people/mrs-angela-rumbold">Mrs Angela Rumbold</a> 1986 - 1990</li>
        <li class='office-holder'><a href="/people/mr-david-mellor">Mr David Mellor</a> 1986 - 1987</li>
        <li class='office-holder'><a href="/people/mr-giles-shaw">Mr Giles Shaw</a> 1986 - 1987</li>
        <li class='office-holder'><a href="/people/mr-tony-newton">Mr Tony Newton</a> 1986 - 1988</li>
        <li class='office-holder'><a href="/people/mr-john-major">Mr John Major</a> 1986 - 1987</li>
        <li class='office-holder'><a href="/people/mr-david-mitchell">Mr David Mitchell</a> 1986 - 1988</li>
        <li class='office-holder'><a href="/people/mr-nicholas-scott">Mr Nicholas Scott</a> 1987 - 1988</li>
        <li class='office-holder'><a href="/people/mr-wyn-roberts">Mr Wyn Roberts</a> 1987 - ?</li>
        <li class='office-holder'><a href="/people/mr-ian-lang">Mr Ian Lang</a> 1987 - 1990</li>
        <li class='office-holder'><a href="/people/mr-david-mellor">Mr David Mellor</a> 1987 - 1988</li>
        <li class='office-holder'><a href="/people/mr-timothy-renton">Mr Timothy Renton</a> 1987 - 1989</li>
        <li class='office-holder'><a href="/people/mr-michael-howard">Mr Michael Howard</a> 1987 - 1990</li>
        <li class='office-holder'><a href="/people/mr-nicholas-scott">Mr Nicholas Scott</a> 1988 - 1994</li>
        <li class='office-holder'><a href="/people/mr-tony-newton">Mr Tony Newton</a> 1988 - 1989</li>
        <li class='office-holder'><a href="/people/mr-william-waldegrave">Mr William Waldegrave</a> 1988 - 1990</li>
        <li class='office-holder'><a href="/people/sir-archie-hamilton">Sir Archie Hamilton</a> 1988 - ?</li>
        <li class='office-holder'><a href="/people/mr-david-mellor">Mr David Mellor</a> 1988 - 1989</li>
        <li class='office-holder'><a href="/people/mr-david-trippier">Mr David Trippier</a> 1989 - 1992</li>
        <li class='office-holder'><a href="/people/mr-timothy-eggar">Mr Timothy Eggar</a> 1989 - 1990</li>
        <li class='office-holder'><a href="/people/mr-patrick-mcloughlin">Mr Patrick McLoughlin</a> 1989 - 1992</li>
        <li class='office-holder'><a href="/people/mr-douglas-hogg">Mr Douglas Hogg</a> 1989 - 1990</li>
        <li class='office-holder'><a href="/people/mr-francis-maude">Mr Francis Maude</a> 1989 - 1990</li>
        <li class='office-holder'><a href="/people/mr-david-hunt">Mr David Hunt</a> 1989 - 1990</li>
        <li class='office-holder'><a href="/people/mr-roger-freeman">Mr Roger Freeman</a> 1990 - 1994</li>
        <li class='office-holder'><a href="/people/mr-michael-forsyth">Mr Michael Forsyth</a> 1990 - 1992</li>
        <li class='office-holder'><a href="/people/sir-george-young">Sir George Young</a> 1990 - 1994</li>
        <li class='office-holder'><a href="/people/mr-tristan-garel-jones">Mr Tristan Garel-Jones</a> 1990 - 1993</li>
        <li class='office-holder'><a href="/people/mr-timothy-eggar">Mr Timothy Eggar</a> 1990 - 1992</li>
        <li class='office-holder'><a href="/people/mr-christopher-chope">Mr Christopher Chope</a> 1990 - 1992</li>
        <li class='office-holder'><a href="/people/mr-john-redwood">Mr John Redwood</a> 1990 - 1992</li>
        <li class='office-holder'><a href="/people/mrs-angela-rumbold">Mrs Angela Rumbold</a> 1990 - 1992</li>
        <li class='office-holder'><a href="/people/dr-brian-mawhinney">Dr Brian Mawhinney</a> 1990 - 1992</li>
        <li class='office-holder'><a href="/people/mr-timothy-renton">Mr Timothy Renton</a> 1990 - ?</li>
        <li class='office-holder'><a href="/people/mrs-gillian-shephard">Mrs Gillian Shephard</a> 1990 - 1992</li>
        <li class='office-holder'><a href="/people/mr-douglas-hogg">Mr Douglas Hogg</a> 1990 - ?</li>
        <li class='office-holder'><a href="/people/hon-tim-sainsbury">Hon. Tim Sainsbury</a> 1990 - ?</li>
        <li class='office-holder'><a href="/people/mr-david-mellor">Mr David Mellor</a> 1990 - 1990</li>
        <li class='office-holder'><a href="/people/mr-david-maclean">Mr David MacLean</a> 1992 - 1993</li>
        <li class='office-holder'><a href="/people/mr-jonathan-aitken">Mr Jonathan Aitken</a> 1992 - 1997</li>
        <li class='office-holder'><a href="/people/mr-alastair-goodlad">Mr Alastair Goodlad</a> 1992 - 1997</li>
        <li class='office-holder'><a href="/people/mr-michael-forsyth">Mr Michael Forsyth</a> 1992 - 1994</li>
        <li class='office-holder'><a href="/people/mr-david-curry">Mr David Curry</a> 1992 - 1993</li>
        <li class='office-holder'><a href="/people/mr-timothy-eggar">Mr Timothy Eggar</a> 1992 - ?</li>
        <li class='office-holder'><a href="/people/sir-peter-lloyd">Sir Peter Lloyd</a> 1992 - ?</li>
        <li class='office-holder'><a href="/people/mr-patrick-mcloughlin">Mr Patrick McLoughlin</a> 1992 - 1993</li>
        <li class='office-holder'><a href="/people/mr-john-redwood">Mr John Redwood</a> 1992 - 1993</li>
        <li class='office-holder'><a href="/people/mr-michael-jack">Mr Michael Jack</a> 1992 - 1993</li>
        <li class='office-holder'><a href="/people/dr-brian-mawhinney">Dr Brian Mawhinney</a> 1992 - 1994</li>
        <li class='office-holder'><a href="/people/mr-richard-needham">Mr Richard Needham</a> 1992 - 1997</li>
        <li class='office-holder'><a href="/people/mr-michael-mates">Mr Michael Mates</a> 1992 - ?</li>
        <li class='office-holder'><a href="/people/mr-robert-jackson">Mr Robert Jackson</a> 1992 - 1993</li>
        <li class='office-holder'><a href="/people/mr-david-maclean">Mr David MacLean</a> 1993 - ?</li>
        <li class='office-holder'><a href="/people/mr-david-heathcoat-amory">Mr David Heathcoat-Amory</a> 1993 - 1997</li>
        <li class='office-holder'><a href="/people/mr-john-wheeler">Mr John Wheeler</a> 1993 - 1997</li>
        <li class='office-holder'><a href="/people/mr-david-curry">Mr David Curry</a> 1993 - ?</li>
        <li class='office-holder'><a href="/people/mr-tim-yeo">Mr Tim Yeo</a> 1993 - 1994</li>
        <li class='office-holder'><a href="/people/mr-patrick-mcloughlin">Mr Patrick McLoughlin</a> 1993 - ?</li>
        <li class='office-holder'><a href="/people/mr-jeremy-hanley">Mr Jeremy Hanley</a> 1993 - 1994</li>
        <li class='office-holder'><a href="/people/mr-michael-jack">Mr Michael Jack</a> 1993 - ?</li>
        <li class='office-holder'><a href="/people/earl-of-ancram">Earl of Ancram</a> 1994 - 1997</li>
        <li class='office-holder'><a href="/people/mr-gerald-malone">Mr Gerald Malone</a> 1994 - 1997</li>
        <li class='office-holder'><a href="/people/mr-roger-freeman">Mr Roger Freeman</a> 1994 - 1995</li>
        <li class='office-holder'><a href="/people/mr-michael-forsyth">Mr Michael Forsyth</a> 1994 - 1995</li>
        <li class='office-holder'><a href="/people/mr-john-watts">Mr John Watts</a> 1994 - 1997</li>
        <li class='office-holder'><a href="/people/miss-ann-widdecombe">Miss Ann Widdecombe</a> 1994 - 1995</li>
        <li class='office-holder'><a href="/people/mr-william-hague">Mr William Hague</a> 1994 - 1995</li>
        <li class='office-holder'><a href="/people/sir-nicholas-bonsor">Sir Nicholas Bonsor</a> 1995 - 1997</li>
        <li class='office-holder'><a href="/people/mr-jeremy-hanley">Mr Jeremy Hanley</a> 1995 - 1997</li>
        <li class='office-holder'><a href="/people/miss-ann-widdecombe">Miss Ann Widdecombe</a> 1995 - 1997</li>
        <li class='office-holder'><a href="/people/lord-james-douglas-hamilton">Lord James Douglas-Hamilton</a> 1995 - 1997</li>
        <li class='office-holder'><a href="/people/mr-richard-caborn">Mr Richard Caborn</a> 1997 - ?</li>
        <li class='office-holder'><a href="/people/ms-hilary-armstrong">Ms Hilary Armstrong</a> 1997 - ?</li>
        <li class='office-holder'><a href="/people/mr-andrew-smith">Mr Andrew Smith</a> 1997 - 1999</li>
        <li class='office-holder'><a href="/people/ms-glenda-jackson">Ms Glenda Jackson</a> 1997 - ?</li>
        <li class='office-holder'><a href="/people/mr-alan-milburn">Mr Alan Milburn</a> 1997 - 1998</li>
        <li class='office-holder'><a href="/people/mr-stephen-byers">Mr Stephen Byers</a> 1997 - 1998</li>
        <li class='office-holder'><a href="/people/mr-ian-mccartney">Mr Ian McCartney</a> 1997 - 1999</li>
        <li class='office-holder'><a href="/people/ms-joyce-quin">Ms Joyce Quin</a> 1997 - ?</li>
        <li class='office-holder'><a href="/people/mr-brian-wilson">Mr Brian Wilson</a> 1997 - 2001</li>
        <li class='office-holder'><a href="/people/mr-jeff-rooker">Mr Jeff Rooker</a> 1997 - 1999</li>
        <li class='office-holder'><a href="/people/ms-ann-clwyd">Ms Ann Clwyd</a> 1997 - ?</li>
        <li class='office-holder'><a href="/people/mr-michael-meacher">Mr Michael Meacher</a> 1997 - ?</li>
        <li class='office-holder'><a href="/people/ms-tessa-jowell">Ms Tessa Jowell</a> 1997 - 1999</li>
        <li class='office-holder'><a href="/people/dr-john-reid">Dr John Reid</a> 1997 - 1998</li>
        <li class='office-holder'><a href="/people/mr-paul-murphy">Mr Paul Murphy</a> 1997 - 1999</li>
        <li class='office-holder'><a href="/people/mr-john-denham">Mr John Denham</a> 1998 - 1999</li>
        <li class='office-holder'><a href="/people/mrs-barbara-roche">Mrs Barbara Roche</a> 1999 - 2001</li>
        <li class='office-holder'><a href="/people/mr-john-denham">Mr John Denham</a> 1999 - 2001</li>
        <li class='office-holder'><a href="/people/mr-ian-mccartney">Mr Ian McCartney</a> 1999 - 2001</li>
        <li class='office-holder'><a href="/people/ms-patricia-hewitt">Ms Patricia Hewitt</a> 1999 - 2001</li>
        <li class='office-holder'><a href="/people/mr-keith-vaz">Mr Keith Vaz</a> 1999 - 2001</li>
        <li class='office-holder'><a href="/people/mr-jeff-rooker">Mr Jeff Rooker</a> 1999 - 2001</li>
        <li class='office-holder'><a href="/people/mr-peter-hain">Mr Peter Hain</a> 1999 - 2001</li>
        <li class='office-holder'><a href="/people/mr-geoff-hoon">Mr Geoff Hoon</a> 1999 - 1999</li>
        <li class='office-holder'><a href="/people/ms-tessa-jowell">Ms Tessa Jowell</a> 1999 - 2001</li>
        <li class='office-holder'><a href="/people/mr-charles-clarke">Mr Charles Clarke</a> 1999 - 2001</li>
        <li class='office-holder'><a href="/people/mr-alan-johnson">Mr Alan Johnson</a> 1999 - 2003</li>
        <li class='office-holder'><a href="/people/mr-john-denham">Mr John Denham</a> 2001 - 2003</li>
        <li class='office-holder'><a href="/people/ms-jane-kennedy">Ms Jane Kennedy</a> 2001 - ?</li>
        <li class='office-holder'><a href="/people/ms-jacqui-smith">Ms Jacqui Smith</a> 2001 - 2003</li>
        <li class='office-holder'><a href="/people/mrs-margaret-hodge">Mrs Margaret Hodge</a> 2001 - 2003</li>
        <li class='office-holder'><a href="/people/mrs-barbara-roche">Mrs Barbara Roche</a> 2001 - 2002</li>
        <li class='office-holder'><a href="/people/mr-brian-wilson">Mr Brian Wilson</a> 2001 - ?</li>
        <li class='office-holder'><a href="/people/mr-alun-michael">Mr Alun Michael</a> 2001 - ?</li>
        <li class='office-holder'><a href="/people/mr-peter-hain">Mr Peter Hain</a> 2001 - 2002</li>
        <li class='office-holder'><a href="/people/mr-douglas-alexander">Mr Douglas Alexander</a> 2001 - 2002</li>
        <li class='office-holder'><a href="/people/mr-nick-raynsford">Mr Nick Raynsford</a> 2001 - ?</li>
        <li class='office-holder'><a href="/people/mr-denis-macshane">Mr Denis MacShane</a> 2002 - ?</li>
        <li class='office-holder'><a href="/people/mr-david-miliband">Mr David Miliband</a> 2002 - ?</li>
        <li class='office-holder'><a href="/people/mr-douglas-alexander">Mr Douglas Alexander</a> 2002 - 2004</li>
        <li class='office-holder'><a href="/people/mrs-barbara-roche">Mrs Barbara Roche</a> 2002 - 2003</li>
        <li class='office-holder'><a href="/people/mr-des-browne">Mr Des Browne</a> 2003 - 2004</li>
        <li class='office-holder'><a href="/people/ms-jacqui-smith">Ms Jacqui Smith</a> 2003 - ?</li>
        <li class='office-holder'><a href="/people/mr-alan-johnson">Mr Alan Johnson</a> 2003 - 2004</li>
        <li class='office-holder'><a href="/people/ms-hazel-blears">Ms Hazel Blears</a> 2003 - ?</li>
        <li class='office-holder'><a href="/people/mr-hilary-benn">Mr Hilary Benn</a> 2003 - 2003</li>
        <li class='office-holder'><a href="/people/mrs-margaret-hodge">Mrs Margaret Hodge</a> 2003 - ?</li>
        <li class='office-holder'><a href="/people/mr-des-browne">Mr Des Browne</a> 2004 - ?</li>
        <li class='office-holder'><a href="/people/dr-kim-howells">Dr Kim Howells</a> 2004 - ?</li>
        <li class='office-holder'><a href="/people/mr-douglas-alexander">Mr Douglas Alexander</a> 2004 - ?</li>
        <li class='office-holder'><a href="/people/ms-ruth-kelly">Ms Ruth Kelly</a> 2004 - 2004</li>
        <li class='office-holder'><a href="/people/mr-david-hanson">Mr David Hanson</a> 2005 - ?</li>
      </ol>
      
      <div id='section-navigation'></div>
    </div>
    <div id='footer'>
      <p><a href="/typos">Noticed a typo?</a> | <a href='https://spreadsheets.google.com/viewform?key=p_zCPmAX1qx1llDkHKzRlNQ' target='_BLANK' title='Opens a new page'>Report other issues</a> | <a href='http://www.parliament.uk/site_information/parliamentary_copyright.cfm' rel='copyright' id='copyright'>&copy UK Parliament</a></p>
      <script type='text/javascript'>
        var gaJsHost = (("https:" == document.location.protocol) ? "https://ssl." : "http://www.");
        document.write(unescape("%3Cscript src='" + gaJsHost + "google-analytics.com/ga.js' type='text/javascript'%3E%3C/script%3E"));
      </script>
      <script type='text/javascript'>
        var pageTracker = _gat._getTracker("UA-3110135-1");
        pageTracker._initData();
        pageTracker._trackPageview();
      </script>
    </div>
  </body>
</html>
