<!doctype html>
<html lang='en-GB'>
  <head>
    <meta charset='utf-8' />
    <title>Parliamentary Secretary (Hansard)</title>
    <meta author='UK Parliament' />
    <meta content='51ff727eff55314a' name='y_key' />
    <link href='http://www.parliament.uk/site_information/parliamentary_copyright.cfm' rel='copyright' />
    <meta content='Hansard, House of Commons, House of Lords, Parliament, UK' name='keywords' />
    <meta content='List of holders of the office of Parliamentary Secretary in the period 1803 to 2005' name='description' />
    <link href="/stylesheets/screen.css" media="screen" rel="stylesheet" title="Default" type="text/css" />
    <link href="/stylesheets/print.css" media="print" rel="stylesheet" type="text/css" />
  </head>
  <body id='hansard-millbanksytems-com'>
    <div id='header'>
      <div class='search-help'><a href="/search">Search Help</a></div>
            <form action='http://hansard.millbanksystems.com/search' id='search' method='post' rel='search'>
        <input size='24' title='Access key: S' accesskey='s' name='query' id='search-query' type='search' placeholder='Search Hansard' autosave='hansard.millbanksystems.com' results='10' value='' >
        <input type='submit' value='Search' >
      </form>

      <div id='nav'>
        <a href="/" id="home" rel="home">HANSARD 1803&ndash;2005</a>
        &rarr;
                <a class='offices' href='/offices/p'>
          Offices (P)
        </a>

      </div>
      <h1 class='title'>Parliamentary Secretary</h1>
    </div>
    <div class='page' id='content'>
      
      <h3>People</h3>
      <ol class='office-holders'>
        <li class='office-holder'><a href="/people/mr-ralph-earle">Mr Ralph Earle</a> ? - ?</li>
        <li class='office-holder'><a href="/people/viscount-ebrington-1">Viscount  Ebrington</a> 1847 - 1851</li>
        <li class='office-holder'><a href="/people/viscount-ebrington-2">Viscount  Ebrington</a> 1847 - 1851</li>
        <li class='office-holder'><a href="/people/mr-william-hayter">Mr William Hayter</a> 1850 - 1852</li>
        <li class='office-holder'><a href="/people/mr-william-hayter">Mr William Hayter</a> 1852 - 1858</li>
        <li class='office-holder'><a href="/people/mr-william-cavendish-bentinck">Mr William Cavendish-Bentinck</a> ? - ?</li>
        <li class='office-holder'><a href="/people/sir-william-jolliffe">Sir William Jolliffe</a> 1858 - 1859</li>
        <li class='office-holder'><a href="/people/mr-charles-gilpin">Mr Charles Gilpin</a> 1859 - 1865</li>
        <li class='office-holder'><a href="/people/hon-george-byng">Hon. George Byng</a> 1865 - 1866</li>
        <li class='office-holder'><a href="/people/mr-thomas-taylor">Mr Thomas Taylor</a> 1866 - 1868</li>
        <li class='office-holder'><a href="/people/mr-george-sclater">Mr George Sclater</a> 1867 - 1868</li>
        <li class='office-holder'><a href="/people/mr-gerard-noel">Mr Gerard Noel</a> 1868 - 1868</li>
        <li class='office-holder'><a href="/people/mr-george-shaw-lefevre">Mr George Shaw-Lefevre</a> 1868 - 1871</li>
        <li class='office-holder'><a href="/people/mr-michael-hicks-beach">Mr Michael Hicks-Beach</a> 1868 - 1868</li>
        <li class='office-holder'><a href="/people/mr-james-lowther-1">Mr James Lowther</a> 1868 - 1868</li>
        <li class='office-holder'><a href="/people/sir-john-hibbert">Sir John Hibbert</a> 1872 - 1874</li>
        <li class='office-holder'><a href="/people/mr-clare-read">Mr Clare Read</a> 1874 - 1875</li>
        <li class='office-holder'><a href="/people/mr-george-cavendish-bentinck">Mr George Cavendish-Bentinck</a> 1874 - 1875</li>
        <li class='office-holder'><a href="/people/mr-edward-stanhope">Mr Edward Stanhope</a> 1875 - 1878</li>
        <li class='office-holder'><a href="/people/mr-thomas-salt">Mr Thomas Salt</a> 1876 - 1880</li>
        <li class='office-holder'><a href="/people/mr-john-talbot">Mr John Talbot</a> 1878 - 1880</li>
        <li class='office-holder'><a href="/people/hon-anthony-ashley">Hon. Anthony Ashley</a> 1880 - 1882</li>
        <li class='office-holder'><a href="/people/sir-john-hibbert">Sir John Hibbert</a> 1880 - 1883</li>
        <li class='office-holder'><a href="/people/mr-john-holms">Mr John Holms</a> 1882 - 1882</li>
        <li class='office-holder'><a href="/people/mr-george-russell">Mr George Russell</a> 1883 - 1885</li>
        <li class='office-holder'><a href="/people/hon-adelbert-cust">Hon. Adelbert Cust</a> 1885 - 1886</li>
        <li class='office-holder'><a href="/people/baron-henry-de-worms">Baron Henry De Worms</a> 1885 - 1888</li>
        <li class='office-holder'><a href="/people/mr-aretas-akers-douglas">Mr Aretas Akers-Douglas</a> 1885 - 1892</li>
        <li class='office-holder'><a href="/people/mr-george-morgan">Mr George Morgan</a> 1886 - 1886</li>
        <li class='office-holder'><a href="/people/mr-henry-broadhurst">Mr Henry Broadhurst</a> 1886 - 1886</li>
        <li class='office-holder'><a href="/people/mr-walter-long">Mr Walter Long</a> 1886 - 1892</li>
        <li class='office-holder'><a href="/people/mr-william-borlase">Mr William Borlase</a> 1886 - 1886</li>
        <li class='office-holder'><a href="/people/mr-jesse-collings">Mr Jesse Collings</a> 1886 - 1886</li>
        <li class='office-holder'><a href="/people/lord-burghley">Lord  Burghley</a> 1886 - 1891</li>
        <li class='office-holder'><a href="/people/mr-james-lowther">Mr James Lowther</a> 1891 - 1892</li>
        <li class='office-holder'><a href="/people/sir-balthazar-foster">Sir Balthazar Foster</a> 1892 - 1895</li>
        <li class='office-holder'><a href="/people/sir-edward-grey">Sir Edward Grey</a> 1892 - 1895</li>
        <li class='office-holder'><a href="/people/mr-thomas-burt">Mr Thomas Burt</a> 1892 - 1895</li>
        <li class='office-holder'><a href="/people/mr-thomas-ellis">Mr Thomas Ellis</a> 1894 - 1895</li>
        <li class='office-holder'><a href="/people/mr-thomas-russell">Mr Thomas Russell</a> 1895 - 1900</li>
        <li class='office-holder'><a href="/people/sir-john-lawson">Sir John Lawson</a> 1900 - 1905</li>
        <li class='office-holder'><a href="/people/sir-william-anson">Sir William Anson</a> 1902 - 1905</li>
        <li class='office-holder'><a href="/people/mr-bonar-law">Mr Bonar Law</a> 1902 - 1905</li>
        <li class='office-holder'><a href="/people/mr-arthur-jeffreys">Mr Arthur Jeffreys</a> 1905 - 1905</li>
        <li class='office-holder'><a href="/people/sir-hudson-kearley">Sir Hudson Kearley</a> 1905 - 1909</li>
        <li class='office-holder'><a href="/people/mr-edmund-robertson">Mr Edmund Robertson</a> 1905 - 1908</li>
        <li class='office-holder'><a href="/people/mr-walter-runciman">Mr Walter Runciman</a> 1905 - 1907</li>
        <li class='office-holder'><a href="/people/mr-thomas-lough">Mr Thomas Lough</a> 1905 - 1908</li>
        <li class='office-holder'><a href="/people/mr-thomas-macnamara">Mr Thomas Macnamara</a> 1907 - 1908</li>
        <li class='office-holder'><a href="/people/mr-thomas-wood">Mr Thomas Wood</a> 1908 - 1908</li>
        <li class='office-holder'><a href="/people/mr-charles-trevelyan">Mr Charles Trevelyan</a> 1908 - 1914</li>
        <li class='office-holder'><a href="/people/mr-charles-masterman">Mr Charles Masterman</a> 1908 - 1909</li>
        <li class='office-holder'><a href="/people/mr-thomas-macnamara">Mr Thomas Macnamara</a> 1908 - 1920</li>
        <li class='office-holder'><a href="/people/mr-john-lewis">Mr John Lewis</a> 1909 - 1915</li>
        <li class='office-holder'><a href="/people/mr-harold-tennant">Mr Harold Tennant</a> 1909 - 1911</li>
        <li class='office-holder'><a href="/people/mr-john-robertson-1">Mr John Robertson</a> 1911 - 1915</li>
        <li class='office-holder'><a href="/people/mr-percy-illingworth">Mr Percy Illingworth</a> 1912 - 1915</li>
        <li class='office-holder'><a href="/people/sir-harry-verney-1">Sir Harry Verney</a> 1914 - 1915</li>
        <li class='office-holder'><a href="/people/dr-christopher-addison">Dr Christopher Addison</a> 1914 - 1915</li>
        <li class='office-holder'><a href="/people/dr-christopher-addison">Dr Christopher Addison</a> 1915 - 1916</li>
        <li class='office-holder'><a href="/people/colonel-arthur-lee">Colonel Arthur Lee</a> 1915 - 1916</li>
        <li class='office-holder'><a href="/people/lord-edmund-talbot">Lord Edmund Talbot</a> 1915 - 1921</li>
        <li class='office-holder'><a href="/people/mr-john-lewis">Mr John Lewis</a> 1915 - 1922</li>
        <li class='office-holder'><a href="/people/mr-john-gulland">Mr John Gulland</a> 1915 - 1916</li>
        <li class='office-holder'><a href="/people/mr-william-fisher">Mr William Fisher</a> 1915 - 1917</li>
        <li class='office-holder'><a href="/people/sir-francis-acland">Sir Francis Acland</a> 1915 - 1915</li>
        <li class='office-holder'><a href="/people/mr-george-roberts">Mr George Roberts</a> 1916 - 1917</li>
        <li class='office-holder'><a href="/people/mr-arthur-griffith-boscawen">Mr Arthur Griffith-Boscawen</a> 1916 - 1919</li>
        <li class='office-holder'><a href="/people/mr-leo-money">Mr Leo Money</a> 1916 - 1919</li>
        <li class='office-holder'><a href="/people/mr-richard-winfrey">Mr Richard Winfrey</a> 1916 - 1919</li>
        <li class='office-holder'><a href="/people/mr-frederick-kellaway">Mr Frederick Kellaway</a> 1916 - 1921</li>
        <li class='office-holder'><a href="/people/mr-frederick-harris">Mr Frederick Harris</a> 1916 - 1919</li>
        <li class='office-holder'><a href="/people/mr-worthington-evans">Mr Worthington Evans</a> 1916 - 1918</li>
        <li class='office-holder'><a href="/people/mr-william-bridgeman">Mr William Bridgeman</a> 1916 - 1916</li>
        <li class='office-holder'><a href="/people/mr-stephen-walsh">Mr Stephen Walsh</a> 1917 - 1919</li>
        <li class='office-holder'><a href="/people/hon-frederick-guest">Hon. Frederick Guest</a> 1917 - 1921</li>
        <li class='office-holder'><a href="/people/mr-arthur-steel-maitland">Mr Arthur Steel-Maitland</a> 1917 - 1919</li>
        <li class='office-holder'><a href="/people/mr-john-clynes">Mr John Clynes</a> 1917 - 1918</li>
        <li class='office-holder'><a href="/people/mr-george-wardle">Mr George Wardle</a> 1917 - 1919</li>
        <li class='office-holder'><a href="/people/major-general-john-seely">Major-General John Seely</a> 1918 - 1919</li>
        <li class='office-holder'><a href="/people/hon-george-goschen">Hon. George Goschen</a> 1918 - 1918</li>
        <li class='office-holder'><a href="/people/lieut-colonel-leslie-wilson">Lieut-Colonel Leslie Wilson</a> 1918 - 1918</li>
        <li class='office-holder'><a href="/people/colonel-sir-rhys-williams">Colonel Sir Rhys Williams</a> 1918 - 1919</li>
        <li class='office-holder'><a href="/people/hon-waldorf-astor">Hon. Waldorf Astor</a> 1918 - 1919</li>
        <li class='office-holder'><a href="/people/mr-william-bridgeman">Mr William Bridgeman</a> 1919 - 1920</li>
        <li class='office-holder'><a href="/people/mr-arthur-griffith-boscawen">Mr Arthur Griffith-Boscawen</a> 1919 - 1921</li>
        <li class='office-holder'><a href="/people/lieut-colonel-james-craig">Lieut-Colonel James Craig</a> 1919 - 1920</li>
        <li class='office-holder'><a href="/people/mr-arthur-beck">Mr Arthur Beck</a> 1919 - 1919</li>
        <li class='office-holder'><a href="/people/lieut-colonel-leslie-wilson">Lieut-Colonel Leslie Wilson</a> 1919 - 1921</li>
        <li class='office-holder'><a href="/people/mr-george-wardle">Mr George Wardle</a> 1919 - 1920</li>
        <li class='office-holder'><a href="/people/hon-waldorf-astor">Hon. Waldorf Astor</a> 1919 - 1921</li>
        <li class='office-holder'><a href="/people/mr-arthur-neal">Mr Arthur Neal</a> 1919 - 1922</li>
        <li class='office-holder'><a href="/people/mr-charles-mccurdy">Mr Charles McCurdy</a> 1919 - 1920</li>
        <li class='office-holder'><a href="/people/mr-anderson-barlow">Mr Anderson Barlow</a> 1920 - 1922</li>
        <li class='office-holder'><a href="/people/mr-george-tryon">Mr George Tryon</a> 1920 - 1922</li>
        <li class='office-holder'><a href="/people/mr-philip-lloyd-greame">Mr Philip Lloyd-Greame</a> 1920 - 1921</li>
        <li class='office-holder'><a href="/people/lieut-colonel-james-craig">Lieut-Colonel James Craig</a> 1920 - 1921</li>
        <li class='office-holder'><a href="/people/mr-arthur-greenwood">Mr Arthur Greenwood</a> 1920 - 1924</li>
        <li class='office-holder'><a href="/people/sir-william-mitchell-thomson">Sir William Mitchell-Thomson</a> 1920 - 1921</li>
        <li class='office-holder'><a href="/people/lieut-colonel-leo-amery">Lieut-Colonel Leo Amery</a> 1921 - 1922</li>
        <li class='office-holder'><a href="/people/mr-charles-mccurdy">Mr Charles McCurdy</a> 1921 - 1922</li>
        <li class='office-holder'><a href="/people/sir-william-mitchell-thomson">Sir William Mitchell-Thomson</a> 1921 - 1922</li>
        <li class='office-holder'><a href="/people/lieut-colonel-leslie-wilson">Lieut-Colonel Leslie Wilson</a> 1921 - 1922</li>
        <li class='office-holder'><a href="/people/sir-james-grigg">Sir James Grigg</a> 1921 - 1930</li>
        <li class='office-holder'><a href="/people/mr-george-lane-fox">Mr George Lane-Fox</a> 1922 - 1928</li>
        <li class='office-holder'><a href="/people/major-sir-archibald-boyd-carpenter">Major Sir Archibald Boyd-Carpenter</a> 1922 - 1923</li>
        <li class='office-holder'><a href="/people/viscount-wolmer-1">Viscount  Wolmer</a> 1922 - 1924</li>
        <li class='office-holder'><a href="/people/mr-william-joynson-hicks">Mr William Joynson-Hicks</a> 1922 - 1923</li>
        <li class='office-holder'><a href="/people/mr-james-kidd">Mr James Kidd</a> 1922 - 1923</li>
        <li class='office-holder'><a href="/people/lieut-colonel-wilfrid-ashley">Lieut-Colonel Wilfrid Ashley</a> 1922 - 1923</li>
        <li class='office-holder'><a href="/people/lieut-colonel-john-moore-brabazon">Lieut-Colonel John Moore-Brabazon</a> 1923 - 1924</li>
        <li class='office-holder'><a href="/people/hon-charles-craig">Hon. Charles Craig</a> 1923 - 1924</li>
        <li class='office-holder'><a href="/people/lord-eustace-percy">Lord Eustace Percy</a> 1923 - 1924</li>
        <li class='office-holder'><a href="/people/mr-walter-elliot">Mr Walter Elliot</a> 1923 - 1924</li>
        <li class='office-holder'><a href="/people/lieut-colonel-albert-buckley">Lieut-Colonel Albert Buckley</a> 1923 - 1923</li>
        <li class='office-holder'><a href="/people/sir-bolton-eyres-monsell">Sir Bolton Eyres-Monsell</a> 1923 - 1929</li>
        <li class='office-holder'><a href="/people/lieut-colonel-john-moore-brabazon">Lieut-Colonel John Moore-Brabazon</a> 1924 - 1927</li>
        <li class='office-holder'><a href="/people/mr-charles-ammon">Mr Charles Ammon</a> 1924 - 1924</li>
        <li class='office-holder'><a href="/people/sir-kingsley-wood">Sir Kingsley Wood</a> 1924 - 1929</li>
        <li class='office-holder'><a href="/people/mr-albert-alexander">Mr Albert Alexander</a> 1924 - 1924</li>
        <li class='office-holder'><a href="/people/miss-margaret-bondfield">Miss Margaret Bondfield</a> 1924 - 1924</li>
        <li class='office-holder'><a href="/people/sir-robert-chadwick">Sir Robert Chadwick</a> 1924 - 1928</li>
        <li class='office-holder'><a href="/people/mr-morgan-jones">Mr Morgan Jones</a> 1924 - 1924</li>
        <li class='office-holder'><a href="/people/mr-walter-elliot">Mr Walter Elliot</a> 1924 - 1926</li>
        <li class='office-holder'><a href="/people/mr-john-muir">Mr John Muir</a> 1924 - 1924</li>
        <li class='office-holder'><a href="/people/mr-john-davidson-1">Mr John Davidson</a> 1924 - 1926</li>
        <li class='office-holder'><a href="/people/mr-william-lunn">Mr William Lunn</a> 1924 - 1924</li>
        <li class='office-holder'><a href="/people/mr-arthur-samuel">Mr Arthur Samuel</a> 1924 - 1927</li>
        <li class='office-holder'><a href="/people/duchess-of-atholl">Duchess of Atholl</a> 1924 - 1929</li>
        <li class='office-holder'><a href="/people/mr-emanuel-shinwell">Mr Emanuel Shinwell</a> 1924 - 1924</li>
        <li class='office-holder'><a href="/people/lieut-colonel-sir-cuthbert-headlam">Lieut-Colonel Sir Cuthbert Headlam</a> 1926 - 1929</li>
        <li class='office-holder'><a href="/people/mr-herbert-williams">Mr Herbert Williams</a> 1928 - 1929</li>
        <li class='office-holder'><a href="/people/dr-christopher-addison">Dr Christopher Addison</a> 1929 - 1930</li>
        <li class='office-holder'><a href="/people/miss-arabella-lawrence">Miss Arabella Lawrence</a> 1929 - 1931</li>
        <li class='office-holder'><a href="/people/mr-charles-ammon">Mr Charles Ammon</a> 1929 - 1931</li>
        <li class='office-holder'><a href="/people/mr-morgan-jones">Mr Morgan Jones</a> 1929 - 1931</li>
        <li class='office-holder'><a href="/people/mr-thomas-kennedy-1">Mr Thomas Kennedy</a> 1929 - 1931</li>
        <li class='office-holder'><a href="/people/mr-jack-lawson">Mr Jack Lawson</a> 1929 - 1931</li>
        <li class='office-holder'><a href="/people/mr-robert-hudson">Mr Robert Hudson</a> 1931 - 1935</li>
        <li class='office-holder'><a href="/people/mr-leslie-hore-belisha">Mr Leslie Hore-Belisha</a> 1931 - 1932</li>
        <li class='office-holder'><a href="/people/mr-gwilym-lloyd-george">Mr Gwilym Lloyd George</a> 1931 - 1931</li>
        <li class='office-holder'><a href="/people/sir-kingsley-wood">Sir Kingsley Wood</a> 1931 - 1931</li>
        <li class='office-holder'><a href="/people/mr-herwald-ramsbotham">Mr Herwald Ramsbotham</a> 1931 - 1935</li>
        <li class='office-holder'><a href="/people/mr-ernest-simon">Mr Ernest Simon</a> 1931 - 1931</li>
        <li class='office-holder'><a href="/people/sir-bolton-eyres-monsell">Sir Bolton Eyres-Monsell</a> 1931 - 1931</li>
        <li class='office-holder'><a href="/people/sir-george-gillett">Sir George Gillett</a> 1931 - 1931</li>
        <li class='office-holder'><a href="/people/mr-ernest-brown">Mr Ernest Brown</a> 1931 - 1932</li>
        <li class='office-holder'><a href="/people/lieut-colonel-sir-cuthbert-headlam">Lieut-Colonel Sir Cuthbert Headlam</a> 1931 - 1932</li>
        <li class='office-holder'><a href="/people/mr-david-margesson">Mr David Margesson</a> 1931 - 1935</li>
        <li class='office-holder'><a href="/people/mr-john-colville-1">Mr John Colville</a> 1931 - 1935</li>
        <li class='office-holder'><a href="/people/mr-milner-gray">Mr Milner Gray</a> 1931 - 1931</li>
        <li class='office-holder'><a href="/people/mr-edward-burgin">Mr Edward Burgin</a> 1932 - 1937</li>
        <li class='office-holder'><a href="/people/mr-geoffrey-shakespeare">Mr Geoffrey Shakespeare</a> 1932 - 1936</li>
        <li class='office-holder'><a href="/people/lieut-colonel-sir-cuthbert-headlam">Lieut-Colonel Sir Cuthbert Headlam</a> 1932 - 1934</li>
        <li class='office-holder'><a href="/people/mr-herwald-ramsbotham">Mr Herwald Ramsbotham</a> 1935 - 1936</li>
        <li class='office-holder'><a href="/people/lieut-colonel-anthony-muirhead">Lieut-Colonel Anthony Muirhead</a> 1935 - 1937</li>
        <li class='office-holder'><a href="/people/sir-austin-hudson">Sir Austin Hudson</a> 1935 - 1939</li>
        <li class='office-holder'><a href="/people/mr-robert-hudson">Mr Robert Hudson</a> 1936 - 1937</li>
        <li class='office-holder'><a href="/people/mr-geoffrey-shakespeare">Mr Geoffrey Shakespeare</a> 1936 - 1937</li>
        <li class='office-holder'><a href="/people/mr-robert-hudson">Mr Robert Hudson</a> 1937 - 1940</li>
        <li class='office-holder'><a href="/people/mr-kenneth-lindsay">Mr Kenneth Lindsay</a> 1937 - 1940</li>
        <li class='office-holder'><a href="/people/mr-ra-butler">Mr R.A. Butler</a> 1937 - 1938</li>
        <li class='office-holder'><a href="/people/captain-euan-wallace">Captain Euan Wallace</a> 1937 - 1938</li>
        <li class='office-holder'><a href="/people/sir-ronald-cross">Sir Ronald Cross</a> 1938 - 1939</li>
        <li class='office-holder'><a href="/people/mr-alan-lennox-boyd">Mr Alan Lennox-Boyd</a> 1938 - 1939</li>
        <li class='office-holder'><a href="/people/mr-ralph-assheton-1">Mr Ralph Assheton</a> 1939 - 1942</li>
        <li class='office-holder'><a href="/people/lieut-colonel-sir-edward-grigg">Lieut-Colonel Sir Edward Grigg</a> 1939 - 1940</li>
        <li class='office-holder'><a href="/people/mr-william-mabane">Mr William Mabane</a> 1939 - 1942</li>
        <li class='office-holder'><a href="/people/mr-alan-lennox-boyd">Mr Alan Lennox-Boyd</a> 1939 - 1940</li>
        <li class='office-holder'><a href="/people/mr-gwilym-lloyd-george">Mr Gwilym Lloyd George</a> 1939 - 1941</li>
        <li class='office-holder'><a href="/people/sir-arthur-salter">Sir Arthur Salter</a> 1939 - 1941</li>
        <li class='office-holder'><a href="/people/mr-john-llewellin">Mr John Llewellin</a> 1939 - 1940</li>
        <li class='office-holder'><a href="/people/mr-gwilym-lloyd-george">Mr Gwilym Lloyd George</a> 1940 - 1942</li>
        <li class='office-holder'><a href="/people/mr-robert-boothby">Mr Robert Boothby</a> 1940 - 1940</li>
        <li class='office-holder'><a href="/people/mr-james-ede">Mr James Ede</a> 1940 - 1945</li>
        <li class='office-holder'><a href="/people/mr-thomas-williams-1">Mr Thomas Williams</a> 1940 - 1945</li>
        <li class='office-holder'><a href="/people/sir-charles-edwards">Sir Charles Edwards</a> 1940 - 1942</li>
        <li class='office-holder'><a href="/people/mr-geoffrey-shakespeare">Mr Geoffrey Shakespeare</a> 1940 - 1940</li>
        <li class='office-holder'><a href="/people/miss-ellen-wilkinson">Miss Ellen Wilkinson</a> 1940 - 1945</li>
        <li class='office-holder'><a href="/people/mr-david-margesson">Mr David Margesson</a> 1940 - 1940</li>
        <li class='office-holder'><a href="/people/hon-harold-nicolson">Hon. Harold Nicolson</a> 1940 - 1940</li>
        <li class='office-holder'><a href="/people/mr-dingle-foot">Mr Dingle Foot</a> 1940 - 1945</li>
        <li class='office-holder'><a href="/people/mr-george-hicks">Mr George Hicks</a> 1940 - 1945</li>
        <li class='office-holder'><a href="/people/mr-john-llewellin">Mr John Llewellin</a> 1940 - 1941</li>
        <li class='office-holder'><a href="/people/mr-frederick-montague">Mr Frederick Montague</a> 1941 - 1941</li>
        <li class='office-holder'><a href="/people/mr-john-llewellin">Mr John Llewellin</a> 1941 - 1942</li>
        <li class='office-holder'><a href="/people/mr-george-tomlinson">Mr George Tomlinson</a> 1941 - 1945</li>
        <li class='office-holder'><a href="/people/mr-charles-waterhouse">Mr Charles Waterhouse</a> 1941 - 1945</li>
        <li class='office-holder'><a href="/people/sir-arthur-salter">Sir Arthur Salter</a> 1941 - 1943</li>
        <li class='office-holder'><a href="/people/mr-ernest-thurtle">Mr Ernest Thurtle</a> 1941 - 1945</li>
        <li class='office-holder'><a href="/people/mr-philip-noel-baker">Mr Philip Noel-Baker</a> 1942 - 1945</li>
        <li class='office-holder'><a href="/people/mr-william-mabane">Mr William Mabane</a> 1942 - 1945</li>
        <li class='office-holder'><a href="/people/mr-benjamin-smith-1">Mr Benjamin Smith</a> 1942 - 1943</li>
        <li class='office-holder'><a href="/people/mr-malcolm-mccorquodale">Mr Malcolm McCorquodale</a> 1942 - 1945</li>
        <li class='office-holder'><a href="/people/mr-george-garro-jones">Mr George Garro-Jones</a> 1942 - 1945</li>
        <li class='office-holder'><a href="/people/mr-allan-chapman">Mr Allan Chapman</a> 1942 - 1945</li>
        <li class='office-holder'><a href="/people/mr-tom-smith">Mr Tom Smith</a> 1942 - 1945</li>
        <li class='office-holder'><a href="/people/mr-ralph-assheton-1">Mr Ralph Assheton</a> 1942 - 1943</li>
        <li class='office-holder'><a href="/people/mr-william-whiteley">Mr William Whiteley</a> 1942 - 1951</li>
        <li class='office-holder'><a href="/people/mr-duncan-sandys">Mr Duncan Sandys</a> 1943 - 1944</li>
        <li class='office-holder'><a href="/people/mr-john-wilmot">Mr John Wilmot</a> 1944 - 1945</li>
        <li class='office-holder'><a href="/people/mr-fred-marshall">Mr Fred Marshall</a> 1945 - 1947</li>
        <li class='office-holder'><a href="/people/mr-robert-scott-1">Mr Robert Scott</a> 1945 - 1945</li>
        <li class='office-holder'><a href="/people/mr-robert-grimston">Mr Robert Grimston</a> 1945 - 1945</li>
        <li class='office-holder'><a href="/people/mr-arthur-tree">Mr Arthur Tree</a> 1945 - 1945</li>
        <li class='office-holder'><a href="/people/mr-john-dugdale-1">Mr John Dugdale</a> 1945 - 1950</li>
        <li class='office-holder'><a href="/people/mr-william-foster-3">Mr William Foster</a> 1945 - 1946</li>
        <li class='office-holder'><a href="/people/mr-peter-thorneycroft">Mr Peter Thorneycroft</a> 1945 - 1945</li>
        <li class='office-holder'><a href="/people/dame-florence-horsbrugh">Dame Florence Horsbrugh</a> 1945 - 1945</li>
        <li class='office-holder'><a href="/people/mr-ellis-smith">Mr Ellis Smith</a> 1945 - 1946</li>
        <li class='office-holder'><a href="/people/mrs-jennie-adamson">Mrs Jennie Adamson</a> 1945 - 1946</li>
        <li class='office-holder'><a href="/people/sir-hamilton-kerr">Sir Hamilton Kerr</a> 1945 - 1945</li>
        <li class='office-holder'><a href="/people/mr-reginald-manningham-buller">Mr Reginald Manningham-Buller</a> 1945 - 1945</li>
        <li class='office-holder'><a href="/people/mr-arthur-woodburn">Mr Arthur Woodburn</a> 1945 - 1946</li>
        <li class='office-holder'><a href="/people/mr-ivor-thomas">Mr Ivor Thomas</a> 1945 - 1946</li>
        <li class='office-holder'><a href="/people/mr-james-de-rothschild">Mr James de Rothschild</a> 1945 - 1945</li>
        <li class='office-holder'><a href="/people/mr-ness-edwards">Mr Ness Edwards</a> 1945 - 1950</li>
        <li class='office-holder'><a href="/people/hon-john-maclay">Hon. John Maclay</a> 1945 - 1945</li>
        <li class='office-holder'><a href="/people/miss-thelma-cazalet">Miss Thelma Cazalet</a> 1945 - 1945</li>
        <li class='office-holder'><a href="/people/mr-arthur-jenkins">Mr Arthur Jenkins</a> 1945 - 1945</li>
        <li class='office-holder'><a href="/people/mr-charles-key">Mr Charles Key</a> 1945 - 1947</li>
        <li class='office-holder'><a href="/people/mr-william-leonard">Mr William Leonard</a> 1945 - 1947</li>
        <li class='office-holder'><a href="/people/mr-percy-collick">Mr Percy Collick</a> 1945 - 1947</li>
        <li class='office-holder'><a href="/people/sir-austin-hudson">Sir Austin Hudson</a> 1945 - 1945</li>
        <li class='office-holder'><a href="/people/mr-david-hardman">Mr David Hardman</a> 1945 - 1951</li>
        <li class='office-holder'><a href="/people/captain-hon-william-sidney">Captain Hon. William Sidney</a> 1945 - 1945</li>
        <li class='office-holder'><a href="/people/mr-harold-wilson">Mr Harold Wilson</a> 1945 - 1947</li>
        <li class='office-holder'><a href="/people/mr-arthur-woodburn">Mr Arthur Woodburn</a> 1946 - 1947</li>
        <li class='office-holder'><a href="/people/mr-arthur-blenkinsop">Mr Arthur Blenkinsop</a> 1946 - 1949</li>
        <li class='office-holder'><a href="/people/mr-hugh-gaitskell">Mr Hugh Gaitskell</a> 1946 - 1947</li>
        <li class='office-holder'><a href="/people/mr-george-lindgren">Mr George Lindgren</a> 1946 - 1950</li>
        <li class='office-holder'><a href="/people/mr-arthur-bottomley">Mr Arthur Bottomley</a> 1947 - 1951</li>
        <li class='office-holder'><a href="/people/mr-alfred-robens">Mr Alfred Robens</a> 1947 - 1951</li>
        <li class='office-holder'><a href="/people/mr-evan-durbin">Mr Evan Durbin</a> 1947 - 1948</li>
        <li class='office-holder'><a href="/people/mr-john-freeman">Mr John Freeman</a> 1947 - 1951</li>
        <li class='office-holder'><a href="/people/mr-john-edwards-2">Mr John Edwards</a> 1947 - 1949</li>
        <li class='office-holder'><a href="/people/mr-evelyn-king">Mr Evelyn King</a> 1947 - 1950</li>
        <li class='office-holder'><a href="/people/mr-james-callaghan">Mr James Callaghan</a> 1947 - 1950</li>
        <li class='office-holder'><a href="/people/mr-george-brown-1">Mr George Brown</a> 1947 - 1951</li>
        <li class='office-holder'><a href="/people/mr-john-jones-3">Mr John Jones</a> 1947 - 1950</li>
        <li class='office-holder'><a href="/people/mr-arthur-blenkinsop">Mr Arthur Blenkinsop</a> 1949 - 1951</li>
        <li class='office-holder'><a href="/people/mr-john-edwards-2">Mr John Edwards</a> 1949 - 1950</li>
        <li class='office-holder'><a href="/people/mr-charles-simmons">Mr Charles Simmons</a> 1949 - 1951</li>
        <li class='office-holder'><a href="/people/mr-frederick-lee">Mr Frederick Lee</a> 1950 - 1951</li>
        <li class='office-holder'><a href="/people/mr-hervey-rhodes">Mr Hervey Rhodes</a> 1950 - 1951</li>
        <li class='office-holder'><a href="/people/mr-stanley-evans">Mr Stanley Evans</a> 1950 - 1950</li>
        <li class='office-holder'><a href="/people/mr-frederick-willey">Mr Frederick Willey</a> 1950 - 1951</li>
        <li class='office-holder'><a href="/people/mr-harry-taylor">Mr Harry Taylor</a> 1950 - 1951</li>
        <li class='office-holder'><a href="/people/mr-peter-bennett">Mr Peter Bennett</a> 1951 - 1952</li>
        <li class='office-holder'><a href="/people/sir-allan-noble">Sir Allan Noble</a> 1951 - 1955</li>
        <li class='office-holder'><a href="/people/sir-toby-low">Sir Toby Low</a> 1951 - 1954</li>
        <li class='office-holder'><a href="/people/miss-patricia-hornsby-smith">Miss Patricia Hornsby-Smith</a> 1951 - 1957</li>
        <li class='office-holder'><a href="/people/mr-arthur-molson">Mr Arthur Molson</a> 1951 - 1953</li>
        <li class='office-holder'><a href="/people/mr-robin-turton">Mr Robin Turton</a> 1951 - 1953</li>
        <li class='office-holder'><a href="/people/mr-arthur-champion">Mr Arthur Champion</a> 1951 - 1951</li>
        <li class='office-holder'><a href="/people/hon-lancelot-joynson-hicks">Hon. Lancelot Joynson-Hicks</a> 1951 - 1955</li>
        <li class='office-holder'><a href="/people/mr-patrick-buchan-hepburn">Mr Patrick Buchan-Hepburn</a> 1951 - 1955</li>
        <li class='office-holder'><a href="/people/lieut-commander-joseph-braithwaite">Lieut-Commander Joseph Braithwaite</a> 1951 - 1953</li>
        <li class='office-holder'><a href="/people/mr-ernest-marples">Mr Ernest Marples</a> 1951 - 1954</li>
        <li class='office-holder'><a href="/people/dr-charles-hill">Dr Charles Hill</a> 1951 - 1955</li>
        <li class='office-holder'><a href="/people/mr-george-lindgren">Mr George Lindgren</a> 1951 - 1951</li>
        <li class='office-holder'><a href="/people/sir-richard-nugent">Sir Richard Nugent</a> 1951 - 1957</li>
        <li class='office-holder'><a href="/people/mr-reginald-maudling">Mr Reginald Maudling</a> 1952 - 1952</li>
        <li class='office-holder'><a href="/people/mr-harold-watkinson">Mr Harold Watkinson</a> 1952 - 1955</li>
        <li class='office-holder'><a href="/people/mr-robin-turton">Mr Robin Turton</a> 1953 - 1954</li>
        <li class='office-holder'><a href="/people/mr-arthur-molson">Mr Arthur Molson</a> 1953 - 1955</li>
        <li class='office-holder'><a href="/people/mr-dennis-vosper">Mr Dennis Vosper</a> 1954 - 1957</li>
        <li class='office-holder'><a href="/people/sir-edward-boyle-1">Sir Edward Boyle</a> 1954 - 1955</li>
        <li class='office-holder'><a href="/people/mr-william-deedes-1">Mr William Deedes</a> 1954 - 1955</li>
        <li class='office-holder'><a href="/people/mr-ernest-marples">Mr Ernest Marples</a> 1954 - 1955</li>
        <li class='office-holder'><a href="/people/hon-richard-wood">Hon. Richard Wood</a> 1955 - 1958</li>
        <li class='office-holder'><a href="/people/mr-frederick-erroll">Mr Frederick Erroll</a> 1955 - 1956</li>
        <li class='office-holder'><a href="/people/mr-robert-carr">Mr Robert Carr</a> 1955 - 1958</li>
        <li class='office-holder'><a href="/people/mr-donald-kaberry">Mr Donald Kaberry</a> 1955 - 1955</li>
        <li class='office-holder'><a href="/people/mr-george-ward-1">Mr George Ward</a> 1955 - 1957</li>
        <li class='office-holder'><a href="/people/sir-harmar-nicholls">Sir Harmar Nicholls</a> 1955 - 1957</li>
        <li class='office-holder'><a href="/people/mr-derek-walker-smith">Mr Derek Walker-Smith</a> 1955 - 1956</li>
        <li class='office-holder'><a href="/people/mr-david-renton">Mr David Renton</a> 1955 - 1957</li>
        <li class='office-holder'><a href="/people/mr-frederick-erroll">Mr Frederick Erroll</a> 1956 - 1957</li>
        <li class='office-holder'><a href="/people/mr-ian-harvey">Mr Ian Harvey</a> 1956 - 1957</li>
        <li class='office-holder'><a href="/people/mr-airey-neave">Mr Airey Neave</a> 1956 - 1959</li>
        <li class='office-holder'><a href="/people/sir-edward-boyle-1">Sir Edward Boyle</a> 1957 - 1959</li>
        <li class='office-holder'><a href="/people/sir-richard-nugent">Sir Richard Nugent</a> 1957 - 1959</li>
        <li class='office-holder'><a href="/people/mr-richard-thompson">Mr Richard Thompson</a> 1957 - 1959</li>
        <li class='office-holder'><a href="/people/mr-william-taylor-1">Mr William Taylor</a> 1957 - 1959</li>
        <li class='office-holder'><a href="/people/sir-harmar-nicholls">Sir Harmar Nicholls</a> 1957 - 1960</li>
        <li class='office-holder'><a href="/people/mr-david-renton">Mr David Renton</a> 1957 - 1958</li>
        <li class='office-holder'><a href="/people/mr-john-vaughan-morgan">Mr John Vaughan-Morgan</a> 1957 - 1957</li>
        <li class='office-holder'><a href="/people/mr-james-dance">Mr James Dance</a> 1957 - 1960</li>
        <li class='office-holder'><a href="/people/mr-william-fletcher-vane">Mr William Fletcher-Vane</a> 1958 - 1960</li>
        <li class='office-holder'><a href="/people/sir-ian-horobin">Sir Ian Horobin</a> 1958 - 1959</li>
        <li class='office-holder'><a href="/people/mr-john-rodgers">Mr John Rodgers</a> 1958 - 1960</li>
        <li class='office-holder'><a href="/people/commander-robert-allan">Commander Robert Allan</a> 1958 - 1959</li>
        <li class='office-holder'><a href="/people/hon-richard-wood">Hon. Richard Wood</a> 1958 - 1959</li>
        <li class='office-holder'><a href="/people/mr-kenneth-thompson">Mr Kenneth Thompson</a> 1959 - 1962</li>
        <li class='office-holder'><a href="/people/mr-geoffrey-rippon">Mr Geoffrey Rippon</a> 1959 - 1961</li>
        <li class='office-holder'><a href="/people/miss-patricia-hornsby-smith">Miss Patricia Hornsby-Smith</a> 1959 - 1961</li>
        <li class='office-holder'><a href="/people/mr-peter-thomas">Mr Peter Thomas</a> 1959 - 1961</li>
        <li class='office-holder'><a href="/people/hon-thomas-galbraith">Hon. Thomas Galbraith</a> 1959 - 1962</li>
        <li class='office-holder'><a href="/people/sir-john-george">Sir John George</a> 1959 - 1962</li>
        <li class='office-holder'><a href="/people/mr-john-hay">Mr John Hay</a> 1959 - 1963</li>
        <li class='office-holder'><a href="/people/mr-martin-redmayne">Mr Martin Redmayne</a> 1959 - 1964</li>
        <li class='office-holder'><a href="/people/mr-richard-thompson">Mr Richard Thompson</a> 1960 - 1962</li>
        <li class='office-holder'><a href="/people/mr-bernard-braine">Mr Bernard Braine</a> 1960 - 1961</li>
        <li class='office-holder'><a href="/people/mr-niall-macpherson">Mr Niall Macpherson</a> 1960 - 1962</li>
        <li class='office-holder'><a href="/people/mr-william-fletcher-vane">Mr William Fletcher-Vane</a> 1960 - 1962</li>
        <li class='office-holder'><a href="/people/mr-geoffrey-rippon">Mr Geoffrey Rippon</a> 1961 - 1962</li>
        <li class='office-holder'><a href="/people/mr-christopher-woodhouse">Mr Christopher Woodhouse</a> 1961 - 1962</li>
        <li class='office-holder'><a href="/people/vice-admiral-john-hughes-hallett">Vice-Admiral John Hughes-Hallett</a> 1961 - 1964</li>
        <li class='office-holder'><a href="/people/mr-denzil-freeth">Mr Denzil Freeth</a> 1961 - 1961</li>
        <li class='office-holder'><a href="/people/mr-alan-green">Mr Alan Green</a> 1961 - 1962</li>
        <li class='office-holder'><a href="/people/mrs-margaret-thatcher">Mrs Margaret Thatcher</a> 1961 - 1964</li>
        <li class='office-holder'><a href="/people/mr-richard-sharples">Mr Richard Sharples</a> 1961 - 1962</li>
        <li class='office-holder'><a href="/people/mr-james-scott-hopkins">Mr James Scott-Hopkins</a> 1962 - 1964</li>
        <li class='office-holder'><a href="/people/mr-frederick-corfield">Mr Frederick Corfield</a> 1962 - 1964</li>
        <li class='office-holder'><a href="/people/lieut-colonel-stephen-maydon">Lieut-Colonel Stephen Maydon</a> 1962 - 1964</li>
        <li class='office-holder'><a href="/people/hon-thomas-galbraith">Hon. Thomas Galbraith</a> 1962 - 1964</li>
        <li class='office-holder'><a href="/people/mr-christopher-chataway">Mr Christopher Chataway</a> 1962 - 1964</li>
        <li class='office-holder'><a href="/people/mr-neil-marten">Mr Neil Marten</a> 1962 - 1964</li>
        <li class='office-holder'><a href="/people/mr-bernard-braine">Mr Bernard Braine</a> 1962 - 1964</li>
        <li class='office-holder'><a href="/people/mr-basil-de-ferranti">Mr Basil De Ferranti</a> 1962 - 1962</li>
        <li class='office-holder'><a href="/people/mr-richard-sharples">Mr Richard Sharples</a> 1962 - 1964</li>
        <li class='office-holder'><a href="/people/mr-nigel-fisher">Mr Nigel Fisher</a> 1962 - 1963</li>
        <li class='office-holder'><a href="/people/mr-william-whitelaw-1">Mr William Whitelaw</a> 1962 - 1964</li>
        <li class='office-holder'><a href="/people/mr-nigel-fisher">Mr Nigel Fisher</a> 1963 - 1964</li>
        <li class='office-holder'><a href="/people/mr-arthur-skeffington">Mr Arthur Skeffington</a> 1964 - 1967</li>
        <li class='office-holder'><a href="/people/miss-jennie-lee">Miss Jennie Lee</a> 1964 - 1965</li>
        <li class='office-holder'><a href="/people/sir-john-morris">Sir John Morris</a> 1964 - 1966</li>
        <li class='office-holder'><a href="/people/mr-james-hoy-1">Mr James Hoy</a> 1964 - 1970</li>
        <li class='office-holder'><a href="/people/mr-ernest-thornton">Mr Ernest Thornton</a> 1964 - 1966</li>
        <li class='office-holder'><a href="/people/mr-john-mackie-1">Mr John Mackie</a> 1964 - 1970</li>
        <li class='office-holder'><a href="/people/mr-roy-mason">Mr Roy Mason</a> 1964 - 1967</li>
        <li class='office-holder'><a href="/people/mr-edward-short">Mr Edward Short</a> 1964 - 1966</li>
        <li class='office-holder'><a href="/people/mr-harold-davies">Mr Harold Davies</a> 1964 - 1966</li>
        <li class='office-holder'><a href="/people/mr-joseph-mallalieu">Mr Joseph Mallalieu</a> 1964 - 1966</li>
        <li class='office-holder'><a href="/people/mr-albert-oram">Mr Albert Oram</a> 1964 - 1969</li>
        <li class='office-holder'><a href="/people/mr-richard-marsh">Mr Richard Marsh</a> 1964 - 1965</li>
        <li class='office-holder'><a href="/people/mr-james-maccoll">Mr James MacColl</a> 1964 - 1969</li>
        <li class='office-holder'><a href="/people/mr-james-boyden">Mr James Boyden</a> 1965 - 1967</li>
        <li class='office-holder'><a href="/people/mr-richard-marsh">Mr Richard Marsh</a> 1965 - 1966</li>
        <li class='office-holder'><a href="/people/mr-charles-loughlin">Mr Charles Loughlin</a> 1965 - 1967</li>
        <li class='office-holder'><a href="/people/dr-jeremy-bray">Dr Jeremy Bray</a> 1966 - 1967</li>
        <li class='office-holder'><a href="/people/sir-john-morris">Sir John Morris</a> 1966 - 1968</li>
        <li class='office-holder'><a href="/people/mrs-shirley-williams">Mrs Shirley Williams</a> 1966 - 1967</li>
        <li class='office-holder'><a href="/people/mr-edmund-dell">Mr Edmund Dell</a> 1966 - 1967</li>
        <li class='office-holder'><a href="/people/hon-john-silkin">Hon. John Silkin</a> 1966 - 1969</li>
        <li class='office-holder'><a href="/people/mr-harold-davies">Mr Harold Davies</a> 1966 - 1967</li>
        <li class='office-holder'><a href="/people/mr-peter-shore">Mr Peter Shore</a> 1966 - 1967</li>
        <li class='office-holder'><a href="/people/mr-gerald-fowler">Mr Gerald Fowler</a> 1967 - 1969</li>
        <li class='office-holder'><a href="/people/mr-charles-loughlin">Mr Charles Loughlin</a> 1967 - 1969</li>
        <li class='office-holder'><a href="/people/dr-jeremy-bray">Dr Jeremy Bray</a> 1967 - 1969</li>
        <li class='office-holder'><a href="/people/mr-harold-lever">Mr Harold Lever</a> 1967 - 1967</li>
        <li class='office-holder'><a href="/people/mr-reginald-freeson">Mr Reginald Freeson</a> 1967 - 1969</li>
        <li class='office-holder'><a href="/people/mr-roy-hattersley">Mr Roy Hattersley</a> 1967 - 1969</li>
        <li class='office-holder'><a href="/people/mr-neil-carmichael">Mr Neil Carmichael</a> 1967 - 1969</li>
        <li class='office-holder'><a href="/people/mr-ernest-fernyhough">Mr Ernest Fernyhough</a> 1967 - 1968</li>
        <li class='office-holder'><a href="/people/mrs-gwyneth-dunwoody">Mrs Gwyneth Dunwoody</a> 1967 - 1970</li>
        <li class='office-holder'><a href="/people/mr-arthur-skeffington">Mr Arthur Skeffington</a> 1967 - 1970</li>
        <li class='office-holder'><a href="/people/mr-robert-brown">Mr Robert Brown</a> 1968 - 1970</li>
        <li class='office-holder'><a href="/people/mr-joseph-slater">Mr Joseph Slater</a> 1969 - 1970</li>
        <li class='office-holder'><a href="/people/mr-benjamin-whitaker">Mr Benjamin Whitaker</a> 1969 - 1970</li>
        <li class='office-holder'><a href="/people/mr-reginald-freeson">Mr Reginald Freeson</a> 1969 - 1970</li>
        <li class='office-holder'><a href="/people/mr-neil-carmichael">Mr Neil Carmichael</a> 1969 - 1970</li>
        <li class='office-holder'><a href="/people/mr-alan-j-williams">Mr Alan J. Williams</a> 1969 - 1970</li>
        <li class='office-holder'><a href="/people/mr-ernest-davies-1">Mr Ernest Davies</a> 1969 - 1970</li>
        <li class='office-holder'><a href="/people/mr-charles-loughlin">Mr Charles Loughlin</a> 1969 - 1970</li>
        <li class='office-holder'><a href="/people/mr-albert-murray">Mr Albert Murray</a> 1969 - 1970</li>
        <li class='office-holder'><a href="/people/mr-michael-heseltine">Mr Michael Heseltine</a> 1970 - 1970</li>
        <li class='office-holder'><a href="/people/mr-paul-channon">Mr Paul Channon</a> 1970 - 1970</li>
        <li class='office-holder'><a href="/people/mr-anthony-grant">Mr Anthony Grant</a> 1970 - 1972</li>
        <li class='office-holder'><a href="/people/mr-anthony-kershaw">Mr Anthony Kershaw</a> 1970 - 1970</li>
        <li class='office-holder'><a href="/people/mr-james-stodart">Mr James Stodart</a> 1970 - 1972</li>
        <li class='office-holder'><a href="/people/hon-nicholas-ridley">Hon. Nicholas Ridley</a> 1970 - 1970</li>
        <li class='office-holder'><a href="/people/mr-eldon-griffiths">Mr Eldon Griffiths</a> 1970 - 1970</li>
        <li class='office-holder'><a href="/people/mr-bill-baker">Mr Bill Baker</a> 1971 - 1972</li>
        <li class='office-holder'><a href="/people/mr-peter-mills">Mr Peter Mills</a> 1972 - 1972</li>
        <li class='office-holder'><a href="/people/mrs-peggy-fenner">Mrs Peggy Fenner</a> 1972 - 1974</li>
        <li class='office-holder'><a href="/people/mr-kenneth-baker">Mr Kenneth Baker</a> 1972 - 1974</li>
        <li class='office-holder'><a href="/people/sir-geoffrey-johnson-smith">Sir Geoffrey Johnson Smith</a> 1972 - 1974</li>
        <li class='office-holder'><a href="/people/mr-david-howell">Mr David Howell</a> 1972 - 1972</li>
        <li class='office-holder'><a href="/people/mr-humphrey-atkins">Mr Humphrey Atkins</a> 1973 - 1974</li>
        <li class='office-holder'><a href="/people/mr-roland-moyle">Mr Roland Moyle</a> 1974 - 1974</li>
        <li class='office-holder'><a href="/people/mr-arthur-davidson">Mr Arthur Davidson</a> 1974 - 1979</li>
        <li class='office-holder'><a href="/people/mr-hugh-brown">Mr Hugh Brown</a> 1974 - 1979</li>
        <li class='office-holder'><a href="/people/mr-frank-judd">Mr Frank Judd</a> 1976 - 1976</li>
        <li class='office-holder'><a href="/people/mr-michael-cocks">Mr Michael Cocks</a> 1976 - 1979</li>
        <li class='office-holder'><a href="/people/mr-john-tomlinson">Mr John Tomlinson</a> 1977 - 1979</li>
        <li class='office-holder'><a href="/people/mr-russell-fairgrieve">Mr Russell Fairgrieve</a> 1979 - ?</li>
        <li class='office-holder'><a href="/people/mr-kenneth-clarke">Mr Kenneth Clarke</a> 1979 - 1982</li>
        <li class='office-holder'><a href="/people/mr-jerry-wiggin">Mr Jerry Wiggin</a> 1979 - 1981</li>
        <li class='office-holder'><a href="/people/mrs-peggy-fenner">Mrs Peggy Fenner</a> 1981 - 1986</li>
        <li class='office-holder'><a href="/people/mr-ian-gow">Mr Ian Gow</a> 1983 - 1985</li>
        <li class='office-holder'><a href="/people/mr-john-wakeham">Mr John Wakeham</a> 1983 - 1987</li>
        <li class='office-holder'><a href="/people/mr-donald-thompson">Mr Donald Thompson</a> 1986 - 1989</li>
        <li class='office-holder'><a href="/people/sir-archie-hamilton">Sir Archie Hamilton</a> 1986 - 1987</li>
        <li class='office-holder'><a href="/people/mr-david-waddington">Mr David Waddington</a> 1987 - 1989</li>
        <li class='office-holder'><a href="/people/mr-richard-ryder">Mr Richard Ryder</a> 1988 - 1989</li>
        <li class='office-holder'><a href="/people/mr-timothy-renton">Mr Timothy Renton</a> 1989 - 1990</li>
        <li class='office-holder'><a href="/people/mr-david-curry">Mr David Curry</a> 1989 - 1992</li>
        <li class='office-holder'><a href="/people/mr-david-maclean">Mr David MacLean</a> 1989 - 1992</li>
        <li class='office-holder'><a href="/people/mr-richard-ryder">Mr Richard Ryder</a> 1990 - 1995</li>
        <li class='office-holder'><a href="/people/mr-john-taylor-1">Mr John Taylor</a> 1992 - 1995</li>
        <li class='office-holder'><a href="/people/mr-tim-boswell">Mr Tim Boswell</a> 1993 - ?</li>
        <li class='office-holder'><a href="/people/mr-robert-jones-1">Mr Robert Jones</a> 1994 - 1997</li>
        <li class='office-holder'><a href="/people/mr-geoff-hoon">Mr Geoff Hoon</a> 1997 - 1999</li>
        <li class='office-holder'><a href="/people/mr-keith-vaz">Mr Keith Vaz</a> 1999 - 1999</li>
        <li class='office-holder'><a href="/people/ms-sally-keeble">Ms Sally Keeble</a> 2001 - ?</li>
        <li class='office-holder'><a href="/people/mr-des-browne">Mr Des Browne</a> 2001 - 2003</li>
        <li class='office-holder'><a href="/people/dr-lewis-moonie">Dr Lewis Moonie</a> 2001 - ?</li>
        <li class='office-holder'><a href="/people/mr-elliot-morley">Mr Elliot Morley</a> 2001 - ?</li>
        <li class='office-holder'><a href="/people/mr-nigel-griffiths">Mr Nigel Griffiths</a> 2001 - ?</li>
        <li class='office-holder'><a href="/people/ms-angela-eagle">Ms Angela Eagle</a> 2001 - ?</li>
        <li class='office-holder'><a href="/people/ms-maria-eagle">Ms Maria Eagle</a> 2001 - ?</li>
        <li class='office-holder'><a href="/people/ms-hilary-armstrong">Ms Hilary Armstrong</a> 2001 - ?</li>
        <li class='office-holder'><a href="/people/ms-rosie-winterton">Ms Rosie Winterton</a> 2001 - ?</li>
        <li class='office-holder'><a href="/people/mr-ivan-lewis">Mr Ivan Lewis</a> 2001 - ?</li>
        <li class='office-holder'><a href="/people/mr-ben-bradshaw">Mr Ben Bradshaw</a> 2001 - 2002</li>
        <li class='office-holder'><a href="/people/mr-malcolm-wicks">Mr Malcolm Wicks</a> 2001 - ?</li>
        <li class='office-holder'><a href="/people/mr-david-jamieson">Mr David Jamieson</a> 2001 - ?</li>
        <li class='office-holder'><a href="/people/mr-denis-macshane">Mr Denis MacShane</a> 2001 - 2002</li>
      </ol>
      
      <div id='section-navigation'></div>
    </div>
    <div id='footer'>
      <p><a href="/typos">Noticed a typo?</a> | <a href='https://spreadsheets.google.com/viewform?key=p_zCPmAX1qx1llDkHKzRlNQ' target='_BLANK' title='Opens a new page'>Report other issues</a> | <a href='http://www.parliament.uk/site_information/parliamentary_copyright.cfm' rel='copyright' id='copyright'>&copy UK Parliament</a></p>
      <script type='text/javascript'>
        var gaJsHost = (("https:" == document.location.protocol) ? "https://ssl." : "http://www.");
        document.write(unescape("%3Cscript src='" + gaJsHost + "google-analytics.com/ga.js' type='text/javascript'%3E%3C/script%3E"));
      </script>
      <script type='text/javascript'>
        var pageTracker = _gat._getTracker("UA-3110135-1");
        pageTracker._initData();
        pageTracker._trackPageview();
      </script>
    </div>
  </body>
</html>
