<!doctype html>
<html lang='en-GB'>
  <head>
    <meta charset='utf-8' />
    <title>Solicitor-General (Hansard)</title>
    <meta author='UK Parliament' />
    <meta content='51ff727eff55314a' name='y_key' />
    <link href='http://www.parliament.uk/site_information/parliamentary_copyright.cfm' rel='copyright' />
    <meta content='Hansard, House of Commons, House of Lords, Parliament, UK' name='keywords' />
    <meta content='List of holders of the office of Solicitor-General in the period 1803 to 2005' name='description' />
    <link href="/stylesheets/screen.css" media="screen" rel="stylesheet" title="Default" type="text/css" />
    <link href="/stylesheets/print.css" media="print" rel="stylesheet" type="text/css" />
  </head>
  <body id='hansard-millbanksytems-com'>
    <div id='header'>
      <div class='search-help'><a href="/search">Search Help</a></div>
            <form action='http://hansard.millbanksystems.com/search' id='search' method='post' rel='search'>
        <input size='24' title='Access key: S' accesskey='s' name='query' id='search-query' type='search' placeholder='Search Hansard' autosave='hansard.millbanksystems.com' results='10' value='' >
        <input type='submit' value='Search' >
      </form>

      <div id='nav'>
        <a href="/" id="home" rel="home">HANSARD 1803&ndash;2005</a>
        &rarr;
                <a class='offices' href='/offices/s'>
          Offices (S)
        </a>

      </div>
      <h1 class='title'>Solicitor-General</h1>
    </div>
    <div class='page' id='content'>
      
      <h3>People</h3>
      <ol class='office-holders'>
        <li class='office-holder'><a href="/people/sir-john-campbell">Sir John Campbell</a> 1832 - 1834</li>
        <li class='office-holder'><a href="/people/sir-william-follett">Sir William Follett</a> 1834 - 1835</li>
        <li class='office-holder'><a href="/people/sir-robert-rolfe">Sir Robert Rolfe</a> 1834 - 1834</li>
        <li class='office-holder'><a href="/people/sir-charles-pepys">Sir Charles Pepys</a> 1834 - 1834</li>
        <li class='office-holder'><a href="/people/sir-robert-rolfe">Sir Robert Rolfe</a> 1835 - 1839</li>
        <li class='office-holder'><a href="/people/sir-thomas-wilde">Sir Thomas Wilde</a> 1839 - 1841</li>
        <li class='office-holder'><a href="/people/sir-william-follett">Sir William Follett</a> 1841 - 1844</li>
        <li class='office-holder'><a href="/people/mr-frederick-thesiger">Mr Frederick Thesiger</a> 1844 - 1845</li>
        <li class='office-holder'><a href="/people/mr-fitz-roy-kelly">Mr Fitz-Roy Kelly</a> 1845 - 1846</li>
        <li class='office-holder'><a href="/people/sir-john-romilly">Sir John Romilly</a> 1848 - 1850</li>
        <li class='office-holder'><a href="/people/mr-alexander-cockburn">Mr Alexander Cockburn</a> 1850 - 1851</li>
        <li class='office-holder'><a href="/people/mr-henry-hughes">Mr Henry Hughes</a> 1850 - 1852</li>
        <li class='office-holder'><a href="/people/mr-william-wood-1">Mr William Wood</a> 1851 - 1852</li>
        <li class='office-holder'><a href="/people/sir-richard-bethell">Sir Richard Bethell</a> 1852 - 1856</li>
        <li class='office-holder'><a href="/people/mr-fitz-roy-kelly">Mr Fitz-Roy Kelly</a> 1852 - 1852</li>
        <li class='office-holder'><a href="/people/hon-james-stuart-wortley">Hon. James Stuart-Wortley</a> 1856 - 1857</li>
        <li class='office-holder'><a href="/people/sir-henry-keating">Sir Henry Keating</a> 1857 - 1858</li>
        <li class='office-holder'><a href="/people/mr-henry-hughes">Mr Henry Hughes</a> 1858 - 1859</li>
        <li class='office-holder'><a href="/people/mr-david-mure">Mr David Mure</a> 1858 - 1859</li>
        <li class='office-holder'><a href="/people/mr-roundell-palmer">Mr Roundell Palmer</a> 1861 - 1863</li>
        <li class='office-holder'><a href="/people/mr-robert-collier">Mr Robert Collier</a> 1863 - 1866</li>
        <li class='office-holder'><a href="/people/sir-john-karslake">Sir John Karslake</a> 1866 - 1867</li>
        <li class='office-holder'><a href="/people/mr-john-coleridge">Mr John Coleridge</a> 1868 - 1871</li>
        <li class='office-holder'><a href="/people/mr-charles-barry">Mr Charles Barry</a> 1868 - 1870</li>
        <li class='office-holder'><a href="/people/sir-richard-baggallay">Sir Richard Baggallay</a> 1868 - 1868</li>
        <li class='office-holder'><a href="/people/mr-richard-dowse">Mr Richard Dowse</a> 1870 - 1870</li>
        <li class='office-holder'><a href="/people/sir-george-jessel">Sir George Jessel</a> 1871 - 1871</li>
        <li class='office-holder'><a href="/people/mr-henry-james">Mr Henry James</a> 1873 - 1873</li>
        <li class='office-holder'><a href="/people/mr-william-vernon-harcourt">Mr William Vernon-Harcourt</a> 1873 - 1874</li>
        <li class='office-holder'><a href="/people/sir-hardinge-giffard">Sir Hardinge Giffard</a> 1874 - 1880</li>
        <li class='office-holder'><a href="/people/sir-richard-baggallay">Sir Richard Baggallay</a> 1874 - 1874</li>
        <li class='office-holder'><a href="/people/sir-john-holker">Sir John Holker</a> 1874 - 1875</li>
        <li class='office-holder'><a href="/people/mr-hugh-holmes">Mr Hugh Holmes</a> 1878 - 1880</li>
        <li class='office-holder'><a href="/people/sir-farrer-herschell">Sir Farrer Herschell</a> 1880 - 1880</li>
        <li class='office-holder'><a href="/people/mr-john-balfour">Mr John Balfour</a> 1880 - 1881</li>
        <li class='office-holder'><a href="/people/mr-alexander-asher">Mr Alexander Asher</a> 1881 - 1894</li>
        <li class='office-holder'><a href="/people/sir-john-gorst">Sir John Gorst</a> 1885 - 1886</li>
        <li class='office-holder'><a href="/people/sir-horace-davey">Sir Horace Davey</a> 1886 - 1886</li>
        <li class='office-holder'><a href="/people/sir-edward-clarke">Sir Edward Clarke</a> 1886 - 1892</li>
        <li class='office-holder'><a href="/people/mr-john-rigby">Mr John Rigby</a> 1892 - 1894</li>
        <li class='office-holder'><a href="/people/sir-frank-lockwood">Sir Frank Lockwood</a> 1894 - 1895</li>
        <li class='office-holder'><a href="/people/sir-robert-reid">Sir Robert Reid</a> 1894 - 1894</li>
        <li class='office-holder'><a href="/people/mr-robert-finlay">Mr Robert Finlay</a> 1895 - 1900</li>
        <li class='office-holder'><a href="/people/mr-edward-carson">Mr Edward Carson</a> 1900 - 1905</li>
        <li class='office-holder'><a href="/people/mr-william-robson">Mr William Robson</a> 1905 - 1908</li>
        <li class='office-holder'><a href="/people/mr-james-clyde-1">Mr James Clyde</a> 1905 - 1905</li>
        <li class='office-holder'><a href="/people/sir-samuel-evans">Sir Samuel Evans</a> 1908 - 1910</li>
        <li class='office-holder'><a href="/people/mr-william-hunter-1">Mr William Hunter</a> 1910 - 1911</li>
        <li class='office-holder'><a href="/people/mr-john-simon-1">Mr John Simon</a> 1910 - 1913</li>
        <li class='office-holder'><a href="/people/mr-rufus-isaacs">Mr Rufus Isaacs</a> 1910 - 1910</li>
        <li class='office-holder'><a href="/people/mr-andrew-anderson">Mr Andrew Anderson</a> 1911 - 1913</li>
        <li class='office-holder'><a href="/people/mr-thomas-morison">Mr Thomas Morison</a> 1913 - 1920</li>
        <li class='office-holder'><a href="/people/mr-stanley-buckmaster">Mr Stanley Buckmaster</a> 1913 - 1915</li>
        <li class='office-holder'><a href="/people/mr-fe-smith">Mr F.E. Smith</a> 1915 - 1915</li>
        <li class='office-holder'><a href="/people/sir-george-cave">Sir George Cave</a> 1915 - 1916</li>
        <li class='office-holder'><a href="/people/mr-gordon-hewart">Mr Gordon Hewart</a> 1916 - 1919</li>
        <li class='office-holder'><a href="/people/mr-denis-henry">Mr Denis Henry</a> 1918 - 1919</li>
        <li class='office-holder'><a href="/people/mr-charles-murray-3">Mr Charles Murray</a> 1920 - 1922</li>
        <li class='office-holder'><a href="/people/mr-thomas-inskip">Mr Thomas Inskip</a> 1922 - 1924</li>
        <li class='office-holder'><a href="/people/mr-david-fleming">Mr David Fleming</a> 1922 - 1923</li>
        <li class='office-holder'><a href="/people/mr-leslie-scott">Mr Leslie Scott</a> 1922 - 1922</li>
        <li class='office-holder'><a href="/people/sir-henry-slesser">Sir Henry Slesser</a> 1924 - 1924</li>
        <li class='office-holder'><a href="/people/mr-thomas-inskip">Mr Thomas Inskip</a> 1924 - 1928</li>
        <li class='office-holder'><a href="/people/mr-david-fleming">Mr David Fleming</a> 1924 - 1925</li>
        <li class='office-holder'><a href="/people/sir-frank-merriman">Sir Frank Merriman</a> 1928 - 1929</li>
        <li class='office-holder'><a href="/people/mr-wilfrid-normand">Mr Wilfrid Normand</a> 1929 - 1929</li>
        <li class='office-holder'><a href="/people/mr-james-melville">Mr James Melville</a> 1929 - 1930</li>
        <li class='office-holder'><a href="/people/sir-stafford-cripps">Sir Stafford Cripps</a> 1930 - 1931</li>
        <li class='office-holder'><a href="/people/mr-wilfrid-normand">Mr Wilfrid Normand</a> 1931 - 1933</li>
        <li class='office-holder'><a href="/people/mr-thomas-inskip">Mr Thomas Inskip</a> 1931 - 1932</li>
        <li class='office-holder'><a href="/people/sir-frank-merriman">Sir Frank Merriman</a> 1932 - 1933</li>
        <li class='office-holder'><a href="/people/mr-douglas-jamieson">Mr Douglas Jamieson</a> 1933 - 1935</li>
        <li class='office-holder'><a href="/people/mr-donald-somervell">Mr Donald Somervell</a> 1933 - 1936</li>
        <li class='office-holder'><a href="/people/mr-terence-oconnor">Mr Terence O'Connor</a> 1936 - 1940</li>
        <li class='office-holder'><a href="/people/sir-william-jowitt">Sir William Jowitt</a> 1940 - 1942</li>
        <li class='office-holder'><a href="/people/sir-thomas-murray">Sir Thomas Murray</a> 1941 - 1945</li>
        <li class='office-holder'><a href="/people/mr-david-maxwell-fyfe">Mr David Maxwell Fyfe</a> 1942 - 1945</li>
        <li class='office-holder'><a href="/people/sir-walter-monckton">Sir Walter Monckton</a> 1945 - 1945</li>
        <li class='office-holder'><a href="/people/mr-reginald-manningham-buller">Mr Reginald Manningham-Buller</a> 1951 - 1954</li>
        <li class='office-holder'><a href="/people/mr-lynn-ungoed-thomas">Mr Lynn Ungoed-Thomas</a> 1951 - 1951</li>
        <li class='office-holder'><a href="/people/sir-harry-hylton-foster">Sir Harry Hylton-Foster</a> 1954 - 1959</li>
        <li class='office-holder'><a href="/people/mr-william-grant">Mr William Grant</a> 1955 - 1960</li>
        <li class='office-holder'><a href="/people/mr-jocelyn-simon">Mr Jocelyn Simon</a> 1959 - 1962</li>
        <li class='office-holder'><a href="/people/sir-john-hobson">Sir John Hobson</a> 1962 - 1962</li>
        <li class='office-holder'><a href="/people/mr-peter-rawlinson">Mr Peter Rawlinson</a> 1962 - 1964</li>
        <li class='office-holder'><a href="/people/mr-dingle-foot">Mr Dingle Foot</a> 1964 - 1967</li>
        <li class='office-holder'><a href="/people/sir-arthur-irvine">Sir Arthur Irvine</a> 1967 - 1970</li>
        <li class='office-holder'><a href="/people/mr-geoffrey-howe">Mr Geoffrey Howe</a> 1970 - 1973</li>
        <li class='office-holder'><a href="/people/mr-michael-havers">Mr Michael Havers</a> 1972 - 1974</li>
        <li class='office-holder'><a href="/people/mr-peter-archer">Mr Peter Archer</a> 1974 - 1979</li>
        <li class='office-holder'><a href="/people/sir-patrick-mayhew">Sir Patrick Mayhew</a> 1983 - 1987</li>
        <li class='office-holder'><a href="/people/sir-nicholas-lyell">Sir Nicholas Lyell</a> 1987 - 1992</li>
        <li class='office-holder'><a href="/people/ms-harriet-harman">Ms Harriet Harman</a> 2001 - ?</li>
      </ol>
      
      <div id='section-navigation'></div>
    </div>
    <div id='footer'>
      <p><a href="/typos">Noticed a typo?</a> | <a href='https://spreadsheets.google.com/viewform?key=p_zCPmAX1qx1llDkHKzRlNQ' target='_BLANK' title='Opens a new page'>Report other issues</a> | <a href='http://www.parliament.uk/site_information/parliamentary_copyright.cfm' rel='copyright' id='copyright'>&copy UK Parliament</a></p>
      <script type='text/javascript'>
        var gaJsHost = (("https:" == document.location.protocol) ? "https://ssl." : "http://www.");
        document.write(unescape("%3Cscript src='" + gaJsHost + "google-analytics.com/ga.js' type='text/javascript'%3E%3C/script%3E"));
      </script>
      <script type='text/javascript'>
        var pageTracker = _gat._getTracker("UA-3110135-1");
        pageTracker._initData();
        pageTracker._trackPageview();
      </script>
    </div>
  </body>
</html>
