<!doctype html>
<html lang='en-GB'>
  <head>
    <meta charset='utf-8' />
    <title>Under-Secretary (Hansard)</title>
    <meta author='UK Parliament' />
    <meta content='51ff727eff55314a' name='y_key' />
    <link href='http://www.parliament.uk/site_information/parliamentary_copyright.cfm' rel='copyright' />
    <meta content='Hansard, House of Commons, House of Lords, Parliament, UK' name='keywords' />
    <meta content='List of holders of the office of Under-Secretary in the period 1803 to 2005' name='description' />
    <link href="/stylesheets/screen.css" media="screen" rel="stylesheet" title="Default" type="text/css" />
    <link href="/stylesheets/print.css" media="print" rel="stylesheet" type="text/css" />
  </head>
  <body id='hansard-millbanksytems-com'>
    <div id='header'>
      <div class='search-help'><a href="/search">Search Help</a></div>
            <form action='http://hansard.millbanksystems.com/search' id='search' method='post' rel='search'>
        <input size='24' title='Access key: S' accesskey='s' name='query' id='search-query' type='search' placeholder='Search Hansard' autosave='hansard.millbanksystems.com' results='10' value='' >
        <input type='submit' value='Search' >
      </form>

      <div id='nav'>
        <a href="/" id="home" rel="home">HANSARD 1803&ndash;2005</a>
        &rarr;
                <a class='offices' href='/offices/u'>
          Offices (U)
        </a>

      </div>
      <h1 class='title'>Under-Secretary</h1>
    </div>
    <div class='page' id='content'>
      
      <h3>People</h3>
      <ol class='office-holders'>
        <li class='office-holder'><a href="/people/lord-leveson">Lord  Leveson</a> ? - ?</li>
        <li class='office-holder'><a href="/people/hon-robert-clive">Hon. Robert Clive</a> 1818 - 1822</li>
        <li class='office-holder'><a href="/people/viscount-howick">Viscount  Howick</a> 1830 - 1833</li>
        <li class='office-holder'><a href="/people/viscount-howick">Viscount  Howick</a> 1834 - 1834</li>
        <li class='office-holder'><a href="/people/sir-george-grey">Sir George Grey</a> 1834 - 1834</li>
        <li class='office-holder'><a href="/people/viscount-mahon">Viscount  Mahon</a> 1834 - 1835</li>
        <li class='office-holder'><a href="/people/mr-henry-goulburn">Mr Henry Goulburn</a> 1834 - 1835</li>
        <li class='office-holder'><a href="/people/sir-george-grey">Sir George Grey</a> 1835 - 1839</li>
        <li class='office-holder'><a href="/people/hon-fox-maule">Hon. Fox Maule</a> 1835 - 1841</li>
        <li class='office-holder'><a href="/people/mr-we-gladstone">Mr W.E. Gladstone</a> 1835 - 1835</li>
        <li class='office-holder'><a href="/people/mr-henry-labouchere-1">Mr Henry Labouchere</a> 1839 - 1839</li>
        <li class='office-holder'><a href="/people/sir-george-lewis">Sir George Lewis</a> 1848 - 1850</li>
        <li class='office-holder'><a href="/people/hon-edward-pleydell-bouverie">Hon. Edward Pleydell-Bouverie</a> 1850 - 1852</li>
        <li class='office-holder'><a href="/people/mr-john-wynne">Mr John Wynne</a> 1852 - 1852</li>
        <li class='office-holder'><a href="/people/mr-austen-layard">Mr Austen Layard</a> 1852 - 1852</li>
        <li class='office-holder'><a href="/people/mr-henry-fitzroy">Mr Henry Fitzroy</a> 1852 - 1855</li>
        <li class='office-holder'><a href="/people/mr-william-massey">Mr William Massey</a> 1855 - 1858</li>
        <li class='office-holder'><a href="/people/mr-william-forster">Mr William Forster</a> 1856 - 1866</li>
        <li class='office-holder'><a href="/people/sir-john-ramsden">Sir John Ramsden</a> 1857 - 1858</li>
        <li class='office-holder'><a href="/people/mr-chichester-fortescue">Mr Chichester Fortescue</a> 1857 - 1858</li>
        <li class='office-holder'><a href="/people/sir-william-fitzgerald">Sir William Fitzgerald</a> 1858 - 1859</li>
        <li class='office-holder'><a href="/people/mr-gathorne-hardy">Mr Gathorne Hardy</a> 1858 - 1859</li>
        <li class='office-holder'><a href="/people/hon-thomas-baring">Hon. Thomas Baring</a> 1859 - 1861</li>
        <li class='office-holder'><a href="/people/mr-chichester-fortescue">Mr Chichester Fortescue</a> 1859 - 1865</li>
        <li class='office-holder'><a href="/people/mr-thomas-wiles">Mr Thomas Wiles</a> ? - ?</li>
        <li class='office-holder'><a href="/people/mr-austen-layard">Mr Austen Layard</a> 1861 - 1866</li>
        <li class='office-holder'><a href="/people/mr-henry-bruce">Mr Henry Bruce</a> 1862 - 1864</li>
        <li class='office-holder'><a href="/people/marquess-of-hartington">Marquess of Hartington</a> 1863 - 1866</li>
        <li class='office-holder'><a href="/people/mr-edward-egerton">Mr Edward Egerton</a> 1866 - 1868</li>
        <li class='office-holder'><a href="/people/mr-charles-adderley">Mr Charles Adderley</a> 1866 - 1868</li>
        <li class='office-holder'><a href="/people/sir-james-fergusson">Sir James Fergusson</a> 1866 - 1867</li>
        <li class='office-holder'><a href="/people/sir-james-fergusson">Sir James Fergusson</a> 1867 - 1868</li>
        <li class='office-holder'><a href="/people/mr-william-monsell">Mr William Monsell</a> 1868 - 1871</li>
        <li class='office-holder'><a href="/people/mr-mountstuart-duff">Mr Mountstuart Duff</a> 1868 - 1874</li>
        <li class='office-holder'><a href="/people/mr-edward-knatchbull-hugessen">Mr Edward Knatchbull-Hugessen</a> 1868 - 1871</li>
        <li class='office-holder'><a href="/people/mr-edward-knatchbull-hugessen">Mr Edward Knatchbull-Hugessen</a> 1871 - 1874</li>
        <li class='office-holder'><a href="/people/mr-george-shaw-lefevre">Mr George Shaw-Lefevre</a> 1871 - 1871</li>
        <li class='office-holder'><a href="/people/mr-henry-selwin">Mr Henry Selwin</a> 1874 - 1878</li>
        <li class='office-holder'><a href="/people/mr-james-lowther-1">Mr James Lowther</a> 1874 - 1878</li>
        <li class='office-holder'><a href="/people/lord-george-hamilton">Lord George Hamilton</a> 1874 - 1878</li>
        <li class='office-holder'><a href="/people/mr-robert-bourke">Mr Robert Bourke</a> 1874 - 1880</li>
        <li class='office-holder'><a href="/people/viscount-bury-1">Viscount  Bury</a> 1878 - 1880</li>
        <li class='office-holder'><a href="/people/mr-leonard-courtney">Mr Leonard Courtney</a> 1880 - 1882</li>
        <li class='office-holder'><a href="/people/mr-mountstuart-duff">Mr Mountstuart Duff</a> 1880 - 1880</li>
        <li class='office-holder'><a href="/people/sir-charles-dilke">Sir Charles Dilke</a> 1880 - 1882</li>
        <li class='office-holder'><a href="/people/hon-anthony-ashley">Hon. Anthony Ashley</a> 1882 - 1885</li>
        <li class='office-holder'><a href="/people/lord-edmond-fitzmaurice">Lord Edmond Fitzmaurice</a> 1882 - 1885</li>
        <li class='office-holder'><a href="/people/sir-john-hibbert">Sir John Hibbert</a> 1883 - 1884</li>
        <li class='office-holder'><a href="/people/mr-john-cross">Mr John Cross</a> 1883 - 1883</li>
        <li class='office-holder'><a href="/people/sir-henry-holland">Sir Henry Holland</a> 1885 - 1886</li>
        <li class='office-holder'><a href="/people/viscount-chelsea-1">Viscount  Chelsea</a> 1886 - 1892</li>
        <li class='office-holder'><a href="/people/mr-edward-howard">Mr Edward Howard</a> 1886 - 1886</li>
        <li class='office-holder'><a href="/people/sir-james-fergusson">Sir James Fergusson</a> 1886 - 1891</li>
        <li class='office-holder'><a href="/people/sir-john-gorst">Sir John Gorst</a> 1886 - 1891</li>
        <li class='office-holder'><a href="/people/mr-edward-king-harman">Mr Edward King-Harman</a> 1887 - 1887</li>
        <li class='office-holder'><a href="/people/baron-henry-de-worms">Baron Henry De Worms</a> 1888 - 1892</li>
        <li class='office-holder'><a href="/people/mr-james-lowther">Mr James Lowther</a> 1891 - ?</li>
        <li class='office-holder'><a href="/people/mr-herbert-gladstone">Mr Herbert Gladstone</a> 1892 - 1894</li>
        <li class='office-holder'><a href="/people/viscount-wolmer">Viscount  Wolmer</a> 1895 - 1900</li>
        <li class='office-holder'><a href="/people/sir-james-dougherty">Sir James Dougherty</a> 1895 - 1908</li>
        <li class='office-holder'><a href="/people/mr-jesse-collings">Mr Jesse Collings</a> 1895 - 1902</li>
        <li class='office-holder'><a href="/people/mr-william-brodrick">Mr William Brodrick</a> 1898 - 1900</li>
        <li class='office-holder'><a href="/people/viscount-cranborne">Viscount  Cranborne</a> 1900 - 1903</li>
        <li class='office-holder'><a href="/people/hon-thomas-cochrane">Hon. Thomas Cochrane</a> 1902 - 1905</li>
        <li class='office-holder'><a href="/people/lord-warkworth">Lord  Warkworth</a> 1903 - 1905</li>
        <li class='office-holder'><a href="/people/lord-edmond-fitzmaurice">Lord Edmond Fitzmaurice</a> 1905 - 1908</li>
        <li class='office-holder'><a href="/people/mr-john-ellis">Mr John Ellis</a> 1905 - 1907</li>
        <li class='office-holder'><a href="/people/viscount-lymington">Viscount  Lymington</a> 1905 - 1908</li>
        <li class='office-holder'><a href="/people/mr-winston-churchill">Mr Winston Churchill</a> 1906 - 1908</li>
        <li class='office-holder'><a href="/people/sir-charles-hobhouse">Sir Charles Hobhouse</a> 1907 - 1908</li>
        <li class='office-holder'><a href="/people/mr-thomas-wood">Mr Thomas Wood</a> 1908 - 1911</li>
        <li class='office-holder'><a href="/people/mr-thomas-buchanan">Mr Thomas Buchanan</a> 1908 - 1909</li>
        <li class='office-holder'><a href="/people/sir-james-dougherty">Sir James Dougherty</a> 1908 - 1914</li>
        <li class='office-holder'><a href="/people/sir-ellis-ellis-griffith">Sir Ellis Ellis-Griffith</a> 1912 - 1915</li>
        <li class='office-holder'><a href="/people/sir-john-dickson-poynder">Sir John Dickson-Poynder</a> 1914 - 1915</li>
        <li class='office-holder'><a href="/people/sir-john-dickson-poynder">Sir John Dickson-Poynder</a> 1915 - 1919</li>
        <li class='office-holder'><a href="/people/mr-arthur-steel-maitland">Mr Arthur Steel-Maitland</a> 1915 - 1917</li>
        <li class='office-holder'><a href="/people/mr-cecil-harmsworth">Mr Cecil Harmsworth</a> 1915 - 1915</li>
        <li class='office-holder'><a href="/people/mr-william-brace">Mr William Brace</a> 1915 - 1919</li>
        <li class='office-holder'><a href="/people/sir-james-macpherson">Sir James Macpherson</a> 1916 - 1919</li>
        <li class='office-holder'><a href="/people/mr-william-hewins">Mr William Hewins</a> 1917 - 1919</li>
        <li class='office-holder'><a href="/people/mr-cecil-harmsworth">Mr Cecil Harmsworth</a> 1919 - 1922</li>
        <li class='office-holder'><a href="/people/lieut-colonel-leo-amery">Lieut-Colonel Leo Amery</a> 1919 - 1921</li>
        <li class='office-holder'><a href="/people/hon-edward-wood">Hon. Edward Wood</a> 1921 - 1922</li>
        <li class='office-holder'><a href="/people/mr-robert-sanders">Mr Robert Sanders</a> 1921 - 1922</li>
        <li class='office-holder'><a href="/people/lieut-colonel-walter-guinness">Lieut-Colonel Walter Guinness</a> 1922 - 1923</li>
        <li class='office-holder'><a href="/people/lieut-colonel-wilfrid-ashley">Lieut-Colonel Wilfrid Ashley</a> 1923 - 1924</li>
        <li class='office-holder'><a href="/people/mr-godfrey-locker-lampson">Mr Godfrey Locker-Lampson</a> 1923 - 1925</li>
        <li class='office-holder'><a href="/people/mr-clement-attlee">Mr Clement Attlee</a> 1924 - 1924</li>
        <li class='office-holder'><a href="/people/mr-rhys-davies">Mr Rhys Davies</a> 1924 - 1924</li>
        <li class='office-holder'><a href="/people/mr-william-leach">Mr William Leach</a> 1924 - 1924</li>
        <li class='office-holder'><a href="/people/sir-douglas-hacking">Sir Douglas Hacking</a> 1925 - 1927</li>
        <li class='office-holder'><a href="/people/mr-godfrey-locker-lampson">Mr Godfrey Locker-Lampson</a> 1925 - 1929</li>
        <li class='office-holder'><a href="/people/mr-walter-elliot">Mr Walter Elliot</a> 1926 - 1929</li>
        <li class='office-holder'><a href="/people/colonel-sir-vivian-henderson">Colonel Sir Vivian Henderson</a> 1927 - 1929</li>
        <li class='office-holder'><a href="/people/mr-william-lunn">Mr William Lunn</a> 1929 - 1931</li>
        <li class='office-holder'><a href="/people/mr-hugh-dalton">Mr Hugh Dalton</a> 1929 - 1931</li>
        <li class='office-holder'><a href="/people/mr-thomas-johnston">Mr Thomas Johnston</a> 1929 - 1931</li>
        <li class='office-holder'><a href="/people/mr-frederick-montague">Mr Frederick Montague</a> 1929 - 1931</li>
        <li class='office-holder'><a href="/people/sir-robert-hamilton">Sir Robert Hamilton</a> 1931 - 1932</li>
        <li class='office-holder'><a href="/people/mr-malcolm-macdonald">Mr Malcolm Macdonald</a> 1931 - 1935</li>
        <li class='office-holder'><a href="/people/mr-ra-butler">Mr R.A. Butler</a> 1932 - 1937</li>
        <li class='office-holder'><a href="/people/sir-douglas-hacking">Sir Douglas Hacking</a> 1933 - 1934</li>
        <li class='office-holder'><a href="/people/captain-harry-crookshank">Captain Harry Crookshank</a> 1934 - 1935</li>
        <li class='office-holder'><a href="/people/viscount-cranborne-1">Viscount  Cranborne</a> 1935 - 1938</li>
        <li class='office-holder'><a href="/people/mr-john-colville-1">Mr John Colville</a> 1935 - 1936</li>
        <li class='office-holder'><a href="/people/sir-douglas-hacking">Sir Douglas Hacking</a> 1935 - 1936</li>
        <li class='office-holder'><a href="/people/lieut-colonel-anthony-muirhead">Lieut-Colonel Anthony Muirhead</a> 1937 - 1938</li>
        <li class='office-holder'><a href="/people/lieut-colonel-anthony-muirhead">Lieut-Colonel Anthony Muirhead</a> 1938 - 1939</li>
        <li class='office-holder'><a href="/people/captain-john-mcewen">Captain John McEwen</a> 1939 - 1940</li>
        <li class='office-holder'><a href="/people/sir-james-grigg">Sir James Grigg</a> 1939 - 1942</li>
        <li class='office-holder'><a href="/people/lieut-colonel-sir-edward-grigg">Lieut-Colonel Sir Edward Grigg</a> 1940 - 1942</li>
        <li class='office-holder'><a href="/people/mr-arthur-henderson-1">Mr Arthur Henderson</a> 1942 - 1942</li>
        <li class='office-holder'><a href="/people/mr-paul-emrys-evans">Mr Paul Emrys-Evans</a> 1942 - 1945</li>
        <li class='office-holder'><a href="/people/mr-harold-macmillan">Mr Harold Macmillan</a> 1942 - 1943</li>
        <li class='office-holder'><a href="/people/mr-arthur-jones-1">Mr Arthur Jones</a> 1945 - 1946</li>
        <li class='office-holder'><a href="/people/mr-arthur-henderson-1">Mr Arthur Henderson</a> 1945 - 1947</li>
        <li class='office-holder'><a href="/people/mr-hector-mcneill">Mr Hector McNeill</a> 1945 - 1946</li>
        <li class='office-holder'><a href="/people/mr-george-buchanan">Mr George Buchanan</a> 1945 - 1947</li>
        <li class='office-holder'><a href="/people/mr-thomas-fraser">Mr Thomas Fraser</a> 1945 - 1951</li>
        <li class='office-holder'><a href="/people/mr-christopher-mayhew">Mr Christopher Mayhew</a> 1946 - 1950</li>
        <li class='office-holder'><a href="/people/mr-geoffrey-de-freitas">Mr Geoffrey De Freitas</a> 1946 - 1951</li>
        <li class='office-holder'><a href="/people/mr-john-freeman">Mr John Freeman</a> 1947 - 1947</li>
        <li class='office-holder'><a href="/people/mr-aidan-crawley">Mr Aidan Crawley</a> 1950 - 1951</li>
        <li class='office-holder'><a href="/people/mr-thomas-cook">Mr Thomas Cook</a> 1950 - 1951</li>
        <li class='office-holder'><a href="/people/mr-ernest-davies">Mr Ernest Davies</a> 1950 - 1951</li>
        <li class='office-holder'><a href="/people/miss-peggy-herbison">Miss Peggy Herbison</a> 1950 - 1951</li>
        <li class='office-holder'><a href="/people/mr-david-llewellyn">Mr David Llewellyn</a> 1951 - 1952</li>
        <li class='office-holder'><a href="/people/mr-james-hutchison">Mr James Hutchison</a> 1951 - 1954</li>
        <li class='office-holder'><a href="/people/mr-anthony-nutting">Mr Anthony Nutting</a> 1951 - 1954</li>
        <li class='office-holder'><a href="/people/sir-john-foster">Sir John Foster</a> 1951 - 1954</li>
        <li class='office-holder'><a href="/people/sir-james-henderson-stewart">Sir James Henderson-Stewart</a> 1952 - 1957</li>
        <li class='office-holder'><a href="/people/sir-hugh-munro-lucas-tooth">Sir Hugh Munro-Lucas-Tooth</a> 1952 - 1955</li>
        <li class='office-holder'><a href="/people/sir-douglas-dodds-parker">Sir Douglas Dodds-Parker</a> 1953 - 1954</li>
        <li class='office-holder'><a href="/people/sir-douglas-dodds-parker">Sir Douglas Dodds-Parker</a> 1954 - 1955</li>
        <li class='office-holder'><a href="/people/sir-douglas-dodds-parker">Sir Douglas Dodds-Parker</a> 1955 - 1957</li>
        <li class='office-holder'><a href="/people/mr-william-deedes-1">Mr William Deedes</a> 1955 - 1957</li>
        <li class='office-holder'><a href="/people/sir-allan-noble">Sir Allan Noble</a> 1955 - 1956</li>
        <li class='office-holder'><a href="/people/mr-ian-harvey">Mr Ian Harvey</a> 1957 - 1958</li>
        <li class='office-holder'><a href="/people/mr-jack-browne">Mr Jack Browne</a> 1957 - 1959</li>
        <li class='office-holder'><a href="/people/commander-robert-allan">Commander Robert Allan</a> 1959 - 1960</li>
        <li class='office-holder'><a href="/people/mr-airey-neave">Mr Airey Neave</a> 1959 - 1959</li>
        <li class='office-holder'><a href="/people/mr-gilmour-leburn">Mr Gilmour Leburn</a> 1959 - 1963</li>
        <li class='office-holder'><a href="/people/mr-richard-brooman-white">Mr Richard Brooman-White</a> 1960 - 1963</li>
        <li class='office-holder'><a href="/people/mr-charles-fletcher-cooke">Mr Charles Fletcher-Cooke</a> 1961 - 1963</li>
        <li class='office-holder'><a href="/people/mr-richard-hornby">Mr Richard Hornby</a> 1963 - 1964</li>
        <li class='office-holder'><a href="/people/sir-peter-kirk">Sir Peter Kirk</a> 1963 - 1964</li>
        <li class='office-holder'><a href="/people/mrs-judith-hart">Mrs Judith Hart</a> 1964 - 1966</li>
        <li class='office-holder'><a href="/people/miss-jennie-lee">Miss Jennie Lee</a> 1964 - 1965</li>
        <li class='office-holder'><a href="/people/mr-robert-mathew">Mr Robert Mathew</a> 1964 - 1964</li>
        <li class='office-holder'><a href="/people/mr-denis-howell">Mr Denis Howell</a> 1964 - 1969</li>
        <li class='office-holder'><a href="/people/mr-bruce-millan">Mr Bruce Millan</a> 1964 - 1966</li>
        <li class='office-holder'><a href="/people/miss-jennie-lee">Miss Jennie Lee</a> 1965 - 1967</li>
        <li class='office-holder'><a href="/people/mr-david-ennals">Mr David Ennals</a> 1966 - 1967</li>
        <li class='office-holder'><a href="/people/mr-ifor-davies">Mr Ifor Davies</a> 1966 - 1969</li>
        <li class='office-holder'><a href="/people/mr-bruce-millan">Mr Bruce Millan</a> 1966 - 1970</li>
        <li class='office-holder'><a href="/people/mr-edmund-dell">Mr Edmund Dell</a> 1967 - 1968</li>
        <li class='office-holder'><a href="/people/mr-david-ennals">Mr David Ennals</a> 1967 - 1968</li>
        <li class='office-holder'><a href="/people/mr-norman-buchan">Mr Norman Buchan</a> 1967 - 1970</li>
        <li class='office-holder'><a href="/people/mr-ernest-fernyhough">Mr Ernest Fernyhough</a> 1968 - 1969</li>
        <li class='office-holder'><a href="/people/mr-elystan-morgan">Mr Elystan Morgan</a> 1968 - 1970</li>
        <li class='office-holder'><a href="/people/miss-joan-lestor">Miss Joan Lestor</a> 1969 - 1970</li>
        <li class='office-holder'><a href="/people/mr-alick-buchanan-smith">Mr Alick Buchanan-Smith</a> 1970 - 1974</li>
        <li class='office-holder'><a href="/people/mr-mark-carlisle">Mr Mark Carlisle</a> 1970 - 1972</li>
        <li class='office-holder'><a href="/people/mr-ian-gilmour">Mr Ian Gilmour</a> 1970 - 1971</li>
        <li class='office-holder'><a href="/people/mr-eldon-griffiths">Mr Eldon Griffiths</a> 1970 - 1974</li>
        <li class='office-holder'><a href="/people/sir-peter-kirk">Sir Peter Kirk</a> 1970 - 1972</li>
        <li class='office-holder'><a href="/people/mr-michael-heseltine">Mr Michael Heseltine</a> 1970 - 1972</li>
        <li class='office-holder'><a href="/people/sir-geoffrey-johnson-smith">Sir Geoffrey Johnson Smith</a> 1971 - 1972</li>
        <li class='office-holder'><a href="/people/mr-david-howell">Mr David Howell</a> 1971 - 1972</li>
        <li class='office-holder'><a href="/people/mr-hector-monro">Mr Hector Monro</a> 1971 - 1974</li>
        <li class='office-holder'><a href="/people/mr-david-anderson">Mr David Anderson</a> 1972 - 1974</li>
        <li class='office-holder'><a href="/people/mr-anthony-grant">Mr Anthony Grant</a> 1972 - 1974</li>
        <li class='office-holder'><a href="/people/mr-reginald-eyre">Mr Reginald Eyre</a> 1972 - 1974</li>
        <li class='office-holder'><a href="/people/mr-robert-hughes-1">Mr Robert Hughes</a> 1974 - 1975</li>
        <li class='office-holder'><a href="/people/mr-barry-jones">Mr Barry Jones</a> 1974 - 1979</li>
        <li class='office-holder'><a href="/people/mr-gerald-kaufman">Mr Gerald Kaufman</a> 1974 - 1975</li>
        <li class='office-holder'><a href="/people/mr-alf-morris">Mr Alf Morris</a> 1974 - 1979</li>
        <li class='office-holder'><a href="/people/mr-ernest-armstrong">Mr Ernest Armstrong</a> 1974 - 1975</li>
        <li class='office-holder'><a href="/people/mr-john-fraser">Mr John Fraser</a> 1974 - 1976</li>
        <li class='office-holder'><a href="/people/mr-brynmor-john">Mr Brynmor John</a> 1974 - 1976</li>
        <li class='office-holder'><a href="/people/mr-alexander-eadie">Mr Alexander Eadie</a> 1974 - 1979</li>
        <li class='office-holder'><a href="/people/mr-neil-carmichael">Mr Neil Carmichael</a> 1974 - 1975</li>
        <li class='office-holder'><a href="/people/mr-eric-deakins">Mr Eric Deakins</a> 1974 - 1976</li>
        <li class='office-holder'><a href="/people/mr-john-grant">Mr John Grant</a> 1974 - 1976</li>
        <li class='office-holder'><a href="/people/mr-harry-ewing">Mr Harry Ewing</a> 1974 - 1979</li>
        <li class='office-holder'><a href="/people/mr-alec-jones">Mr Alec Jones</a> 1974 - 1975</li>
        <li class='office-holder'><a href="/people/mr-clinton-davis">Mr Clinton Davis</a> 1974 - 1979</li>
        <li class='office-holder'><a href="/people/mr-robert-brown">Mr Robert Brown</a> 1974 - 1979</li>
        <li class='office-holder'><a href="/people/mr-robert-maclennan">Mr Robert Maclennan</a> 1974 - 1979</li>
        <li class='office-holder'><a href="/people/mr-gregor-mackenzie">Mr Gregor Mackenzie</a> 1974 - 1975</li>
        <li class='office-holder'><a href="/people/mr-gerald-kaufman">Mr Gerald Kaufman</a> 1975 - ?</li>
        <li class='office-holder'><a href="/people/mr-alec-jones">Mr Alec Jones</a> 1975 - 1979</li>
        <li class='office-holder'><a href="/people/mr-ernest-armstrong">Mr Ernest Armstrong</a> 1975 - 1979</li>
        <li class='office-holder'><a href="/people/mr-neil-carmichael">Mr Neil Carmichael</a> 1975 - 1976</li>
        <li class='office-holder'><a href="/people/mr-norman-fowler">Mr Norman Fowler</a> 1975 - 1979</li>
        <li class='office-holder'><a href="/people/mr-bob-cryer">Mr Bob Cryer</a> 1976 - 1978</li>
        <li class='office-holder'><a href="/people/mr-james-dunn">Mr James Dunn</a> 1976 - 1979</li>
        <li class='office-holder'><a href="/people/dr-jack-cunningham">Dr Jack Cunningham</a> 1976 - 1979</li>
        <li class='office-holder'><a href="/people/mr-patrick-duffy">Mr Patrick Duffy</a> 1976 - 1979</li>
        <li class='office-holder'><a href="/people/mr-john-horam">Mr John Horam</a> 1976 - 1979</li>
        <li class='office-holder'><a href="/people/mr-eric-deakins">Mr Eric Deakins</a> 1976 - 1979</li>
        <li class='office-holder'><a href="/people/mr-john-grant">Mr John Grant</a> 1977 - 1979</li>
        <li class='office-holder'><a href="/people/mrs-lynda-chalker">Mrs Lynda Chalker</a> 1979 - 1982</li>
        <li class='office-holder'><a href="/people/sir-patrick-mayhew">Sir Patrick Mayhew</a> 1979 - 1981</li>
        <li class='office-holder'><a href="/people/mr-barney-hayhoe">Mr Barney Hayhoe</a> 1979 - 1981</li>
        <li class='office-holder'><a href="/people/mr-neil-macfarlane">Mr Neil Macfarlane</a> 1979 - 1981</li>
        <li class='office-holder'><a href="/people/mr-norman-lamont-1">Mr Norman Lamont</a> 1979 - 1981</li>
        <li class='office-holder'><a href="/people/mr-hector-monro">Mr Hector Monro</a> 1979 - 1981</li>
        <li class='office-holder'><a href="/people/mr-geoffrey-finsberg">Mr Geoffrey Finsberg</a> 1979 - 1981</li>
        <li class='office-holder'><a href="/people/mr-david-mitchell">Mr David Mitchell</a> 1979 - 1981</li>
        <li class='office-holder'><a href="/people/mr-alexander-fletcher">Mr Alexander Fletcher</a> 1979 - 1983</li>
        <li class='office-holder'><a href="/people/mr-richard-luce">Mr Richard Luce</a> 1979 - 1981</li>
        <li class='office-holder'><a href="/people/mr-james-lester">Mr James Lester</a> 1979 - 1981</li>
        <li class='office-holder'><a href="/people/mr-john-macgregor">Mr John MacGregor</a> 1981 - 1983</li>
        <li class='office-holder'><a href="/people/hon-peter-morrison">Hon. Peter Morrison</a> 1981 - ?</li>
        <li class='office-holder'><a href="/people/mr-neil-macfarlane">Mr Neil Macfarlane</a> 1981 - ?</li>
        <li class='office-holder'><a href="/people/mr-david-mellor">Mr David Mellor</a> 1981 - 1983</li>
        <li class='office-holder'><a href="/people/mr-geoffrey-finsberg">Mr Geoffrey Finsberg</a> 1981 - 1983</li>
        <li class='office-holder'><a href="/people/mr-david-mitchell">Mr David Mitchell</a> 1981 - 1983</li>
        <li class='office-holder'><a href="/people/mr-philip-goodhart">Mr Philip Goodhart</a> 1981 - 1981</li>
        <li class='office-holder'><a href="/people/mrs-lynda-chalker">Mrs Lynda Chalker</a> 1982 - ?</li>
        <li class='office-holder'><a href="/people/mr-john-mackay">Mr John Mackay</a> 1982 - 1987</li>
        <li class='office-holder'><a href="/people/mr-john-butcher">Mr John Butcher</a> 1982 - 1983</li>
        <li class='office-holder'><a href="/people/mr-alan-clark">Mr Alan Clark</a> 1983 - 1986</li>
        <li class='office-holder'><a href="/people/mr-peter-brooke">Mr Peter Brooke</a> 1983 - 1985</li>
        <li class='office-holder'><a href="/people/mr-john-butcher">Mr John Butcher</a> 1983 - 1988</li>
        <li class='office-holder'><a href="/people/earl-of-ancram">Earl of Ancram</a> 1983 - 1987</li>
        <li class='office-holder'><a href="/people/mr-john-gummer">Mr John Gummer</a> 1983 - 1983</li>
        <li class='office-holder'><a href="/people/mr-david-mellor">Mr David Mellor</a> 1983 - 1986</li>
        <li class='office-holder'><a href="/people/sir-ray-whitney">Sir Ray Whitney</a> 1983 - 1984</li>
        <li class='office-holder'><a href="/people/mr-david-mitchell">Mr David Mitchell</a> 1983 - 1986</li>
        <li class='office-holder'><a href="/people/mr-alexander-fletcher">Mr Alexander Fletcher</a> 1983 - ?</li>
        <li class='office-holder'><a href="/people/mr-john-lee-2">Mr John Lee</a> 1983 - 1986</li>
        <li class='office-holder'><a href="/people/mr-alastair-goodlad">Mr Alastair Goodlad</a> 1984 - 1987</li>
        <li class='office-holder'><a href="/people/mr-peter-bottomley">Mr Peter Bottomley</a> 1984 - 1986</li>
        <li class='office-holder'><a href="/people/sir-ray-whitney">Sir Ray Whitney</a> 1984 - 1985</li>
        <li class='office-holder'><a href="/people/mr-david-hunt">Mr David Hunt</a> 1984 - 1987</li>
        <li class='office-holder'><a href="/people/sir-ray-whitney">Sir Ray Whitney</a> 1985 - 1986</li>
        <li class='office-holder'><a href="/people/mr-richard-needham">Mr Richard Needham</a> 1985 - 1992</li>
        <li class='office-holder'><a href="/people/mr-john-major">Mr John Major</a> 1985 - 1986</li>
        <li class='office-holder'><a href="/people/mr-roger-freeman">Mr Roger Freeman</a> 1986 - 1988</li>
        <li class='office-holder'><a href="/people/mr-john-lee-2">Mr John Lee</a> 1986 - 1989</li>
        <li class='office-holder'><a href="/people/sir-nicholas-lyell">Sir Nicholas Lyell</a> 1986 - 1987</li>
        <li class='office-holder'><a href="/people/mr-peter-bottomley">Mr Peter Bottomley</a> 1986 - 1989</li>
        <li class='office-holder'><a href="/people/mr-christopher-chope">Mr Christopher Chope</a> 1986 - 1990</li>
        <li class='office-holder'><a href="/people/dr-brian-mawhinney">Dr Brian Mawhinney</a> 1986 - 1990</li>
        <li class='office-holder'><a href="/people/mr-douglas-hogg">Mr Douglas Hogg</a> 1986 - 1989</li>
        <li class='office-holder'><a href="/people/mr-ian-lang">Mr Ian Lang</a> 1986 - 1986</li>
        <li class='office-holder'><a href="/people/mr-michael-forsyth">Mr Michael Forsyth</a> 1987 - 1990</li>
        <li class='office-holder'><a href="/people/mr-robert-atkins">Mr Robert Atkins</a> 1987 - 1989</li>
        <li class='office-holder'><a href="/people/mr-robert-jackson">Mr Robert Jackson</a> 1987 - 1990</li>
        <li class='office-holder'><a href="/people/mr-francis-maude">Mr Francis Maude</a> 1987 - 1989</li>
        <li class='office-holder'><a href="/people/mr-eric-forth">Mr Eric Forth</a> 1988 - 1990</li>
        <li class='office-holder'><a href="/people/mr-roger-freeman">Mr Roger Freeman</a> 1988 - 1990</li>
        <li class='office-holder'><a href="/people/sir-peter-lloyd">Sir Peter Lloyd</a> 1988 - 1989</li>
        <li class='office-holder'><a href="/people/mr-john-butcher">Mr John Butcher</a> 1988 - 1989</li>
        <li class='office-holder'><a href="/people/mr-michael-neubert">Mr Michael Neubert</a> 1988 - 1990</li>
        <li class='office-holder'><a href="/people/mrs-virginia-bottomley">Mrs Virginia Bottomley</a> 1988 - 1989</li>
        <li class='office-holder'><a href="/people/mr-david-heathcoat-amory">Mr David Heathcoat-Amory</a> 1989 - 1990</li>
        <li class='office-holder'><a href="/people/sir-peter-lloyd">Sir Peter Lloyd</a> 1989 - 1992</li>
        <li class='office-holder'><a href="/people/mr-peter-bottomley">Mr Peter Bottomley</a> 1989 - 1990</li>
        <li class='office-holder'><a href="/people/mr-robert-atkins">Mr Robert Atkins</a> 1989 - 1990</li>
        <li class='office-holder'><a href="/people/mr-alan-howarth">Mr Alan Howarth</a> 1989 - ?</li>
        <li class='office-holder'><a href="/people/mr-edward-leigh">Mr Edward Leigh</a> 1990 - 1993</li>
        <li class='office-holder'><a href="/people/mr-david-heathcoat-amory">Mr David Heathcoat-Amory</a> 1990 - 1992</li>
        <li class='office-holder'><a href="/people/mr-robert-key">Mr Robert Key</a> 1990 - 1992</li>
        <li class='office-holder'><a href="/people/mr-patrick-nicholls">Mr Patrick Nicholls</a> 1990 - 1990</li>
        <li class='office-holder'><a href="/people/mr-kenneth-carlisle">Mr Kenneth Carlisle</a> 1990 - 1992</li>
        <li class='office-holder'><a href="/people/mr-eric-forth">Mr Eric Forth</a> 1990 - 1992</li>
        <li class='office-holder'><a href="/people/mr-tim-yeo">Mr Tim Yeo</a> 1990 - 1993</li>
        <li class='office-holder'><a href="/people/mr-robert-atkins">Mr Robert Atkins</a> 1990 - 1994</li>
        <li class='office-holder'><a href="/people/mr-tony-baldry">Mr Tony Baldry</a> 1990 - 1990</li>
        <li class='office-holder'><a href="/people/mr-jeremy-hanley">Mr Jeremy Hanley</a> 1990 - 1993</li>
        <li class='office-holder'><a href="/people/miss-ann-widdecombe">Miss Ann Widdecombe</a> 1990 - 1993</li>
        <li class='office-holder'><a href="/people/mr-mark-lennox-boyd">Mr Mark Lennox-Boyd</a> 1990 - 1994</li>
        <li class='office-holder'><a href="/people/mr-stephen-dorrell">Mr Stephen Dorrell</a> 1990 - 1992</li>
        <li class='office-holder'><a href="/people/mr-michael-jack">Mr Michael Jack</a> 1990 - 1992</li>
        <li class='office-holder'><a href="/people/mr-robert-jackson">Mr Robert Jackson</a> 1990 - 1992</li>
        <li class='office-holder'><a href="/people/mr-michael-fallon">Mr Michael Fallon</a> 1990 - 1992</li>
        <li class='office-holder'><a href="/people/mr-nigel-forman">Mr Nigel Forman</a> 1992 - 1993</li>
        <li class='office-holder'><a href="/people/mr-eric-forth">Mr Eric Forth</a> 1992 - ?</li>
        <li class='office-holder'><a href="/people/mr-robert-key">Mr Robert Key</a> 1992 - 1993</li>
        <li class='office-holder'><a href="/people/mr-kenneth-carlisle">Mr Kenneth Carlisle</a> 1992 - 1997</li>
        <li class='office-holder'><a href="/people/mr-neil-hamilton">Mr Neil Hamilton</a> 1992 - 1997</li>
        <li class='office-holder'><a href="/people/mr-gwilym-jones">Mr Gwilym Jones</a> 1992 - ?</li>
        <li class='office-holder'><a href="/people/mr-alistair-burt">Mr Alistair Burt</a> 1992 - ?</li>
        <li class='office-holder'><a href="/people/mr-hector-monro">Mr Hector Monro</a> 1992 - ?</li>
        <li class='office-holder'><a href="/people/mr-robert-key">Mr Robert Key</a> 1993 - ?</li>
        <li class='office-holder'><a href="/people/earl-of-ancram">Earl of Ancram</a> 1993 - 1994</li>
        <li class='office-holder'><a href="/people/miss-ann-widdecombe">Miss Ann Widdecombe</a> 1993 - 1994</li>
        <li class='office-holder'><a href="/people/mr-david-davis">Mr David Davis</a> 1993 - 1997</li>
        <li class='office-holder'><a href="/people/mr-john-bowis">Mr John Bowis</a> 1993 - 1997</li>
        <li class='office-holder'><a href="/people/mr-roger-evans">Mr Roger Evans</a> 1994 - 1997</li>
        <li class='office-holder'><a href="/people/mr-philip-oppenheim">Mr Philip Oppenheim</a> 1994 - 1995</li>
        <li class='office-holder'><a href="/people/mr-philip-oppenheim">Mr Philip Oppenheim</a> 1995 - 1996</li>
        <li class='office-holder'><a href="/people/mr-peter-kilfoyle">Mr Peter Kilfoyle</a> 1997 - 1999</li>
        <li class='office-holder'><a href="/people/mr-george-kynoch-1">Mr George Kynoch</a> 1997 - 1997</li>
        <li class='office-holder'><a href="/people/mr-frank-field">Mr Frank Field</a> 1997 - 1999</li>
        <li class='office-holder'><a href="/people/mr-michael-wills">Mr Michael Wills</a> 1999 - 1999</li>
        <li class='office-holder'><a href="/people/dr-alan-whitehead">Dr Alan Whitehead</a> 2001 - ?</li>
      </ol>
      
      <div id='section-navigation'></div>
    </div>
    <div id='footer'>
      <p><a href="/typos">Noticed a typo?</a> | <a href='https://spreadsheets.google.com/viewform?key=p_zCPmAX1qx1llDkHKzRlNQ' target='_BLANK' title='Opens a new page'>Report other issues</a> | <a href='http://www.parliament.uk/site_information/parliamentary_copyright.cfm' rel='copyright' id='copyright'>&copy UK Parliament</a></p>
      <script type='text/javascript'>
        var gaJsHost = (("https:" == document.location.protocol) ? "https://ssl." : "http://www.");
        document.write(unescape("%3Cscript src='" + gaJsHost + "google-analytics.com/ga.js' type='text/javascript'%3E%3C/script%3E"));
      </script>
      <script type='text/javascript'>
        var pageTracker = _gat._getTracker("UA-3110135-1");
        pageTracker._initData();
        pageTracker._trackPageview();
      </script>
    </div>
  </body>
</html>
