<!doctype html>
<html lang='en-GB'>
  <head>
    <meta charset='utf-8' />
    <title>Whip (Hansard)</title>
    <meta author='UK Parliament' />
    <meta content='51ff727eff55314a' name='y_key' />
    <link href='http://www.parliament.uk/site_information/parliamentary_copyright.cfm' rel='copyright' />
    <meta content='Hansard, House of Commons, House of Lords, Parliament, UK' name='keywords' />
    <meta content='List of holders of the office of Whip in the period 1803 to 2005' name='description' />
    <link href="/stylesheets/screen.css" media="screen" rel="stylesheet" title="Default" type="text/css" />
    <link href="/stylesheets/print.css" media="print" rel="stylesheet" type="text/css" />
  </head>
  <body id='hansard-millbanksytems-com'>
    <div id='header'>
      <div class='search-help'><a href="/search">Search Help</a></div>
            <form action='http://hansard.millbanksystems.com/search' id='search' method='post' rel='search'>
        <input size='24' title='Access key: S' accesskey='s' name='query' id='search-query' type='search' placeholder='Search Hansard' autosave='hansard.millbanksystems.com' results='10' value='' >
        <input type='submit' value='Search' >
      </form>

      <div id='nav'>
        <a href="/" id="home" rel="home">HANSARD 1803&ndash;2005</a>
        &rarr;
                <a class='offices' href='/offices/w'>
          Offices (W)
        </a>

      </div>
      <h1 class='title'>Whip</h1>
    </div>
    <div class='page' id='content'>
      
      <h3>People</h3>
      <ol class='office-holders'>
        <li class='office-holder'><a href="/people/mr-we-gladstone">Mr W.E. Gladstone</a> 1834 - 1834</li>
        <li class='office-holder'><a href="/people/mr-richard-causton">Mr Richard Causton</a> ? - ?</li>
        <li class='office-holder'><a href="/people/mr-john-lonsdale">Mr John Lonsdale</a> ? - ?</li>
        <li class='office-holder'><a href="/people/mr-john-deasy">Mr John Deasy</a> ? - ?</li>
        <li class='office-holder'><a href="/people/mr-william-mcarthur">Mr William McArthur</a> ? - ?</li>
        <li class='office-holder'><a href="/people/mr-josiah-jones">Mr Josiah Jones</a> ? - ?</li>
        <li class='office-holder'><a href="/people/mr-edmund-haviland-burke">Mr Edmund Haviland-Burke</a> ? - ?</li>
        <li class='office-holder'><a href="/people/sir-john-fuller">Sir John Fuller</a> ? - ?</li>
        <li class='office-holder'><a href="/people/mr-charles-duncan">Mr Charles Duncan</a> ? - ?</li>
        <li class='office-holder'><a href="/people/sir-william-dyke">Sir William Dyke</a> 1868 - 1874</li>
        <li class='office-holder'><a href="/people/mr-henry-forster">Mr Henry Forster</a> 1902 - 1911</li>
        <li class='office-holder'><a href="/people/mr-percy-daines">Mr Percy Daines</a> ? - ?</li>
        <li class='office-holder'><a href="/people/marquess-of-hamilton">Marquess of Hamilton</a> 1903 - 1910</li>
        <li class='office-holder'><a href="/people/lord-edmund-talbot">Lord Edmund Talbot</a> 1905 - 1913</li>
        <li class='office-holder'><a href="/people/mr-john-boland">Mr John Boland</a> 1906 - ?</li>
        <li class='office-holder'><a href="/people/captain-william-benn">Captain William Benn</a> 1910 - 1915</li>
        <li class='office-holder'><a href="/people/lieut-colonel-wilfrid-ashley">Lieut-Colonel Wilfrid Ashley</a> 1911 - 1913</li>
        <li class='office-holder'><a href="/people/sir-bolton-eyres-monsell">Sir Bolton Eyres-Monsell</a> 1911 - 1911</li>
        <li class='office-holder'><a href="/people/mr-william-bridgeman">Mr William Bridgeman</a> 1911 - ?</li>
        <li class='office-holder'><a href="/people/hon-geoffrey-howard">Hon. Geoffrey Howard</a> 1911 - 1918</li>
        <li class='office-holder'><a href="/people/mr-charles-bowerman">Mr Charles Bowerman</a> 1916 - 1916</li>
        <li class='office-holder'><a href="/people/sir-arthur-marshall">Sir Arthur Marshall</a> 1917 - 1918</li>
        <li class='office-holder'><a href="/people/mr-neil-maclean">Mr Neil Maclean</a> 1919 - 1923</li>
        <li class='office-holder'><a href="/people/mr-john-gilmour">Mr John Gilmour</a> 1919 - 1919</li>
        <li class='office-holder'><a href="/people/mr-thomas-griffiths">Mr Thomas Griffiths</a> 1919 - 1925</li>
        <li class='office-holder'><a href="/people/mr-frederick-hall">Mr Frederick Hall</a> 1919 - ?</li>
        <li class='office-holder'><a href="/people/lieut-colonel-albert-buckley">Lieut-Colonel Albert Buckley</a> 1921 - 1922</li>
        <li class='office-holder'><a href="/people/mr-thomas-kennedy-1">Mr Thomas Kennedy</a> 1921 - 1922</li>
        <li class='office-holder'><a href="/people/commodore-henry-king">Commodore Henry King</a> 1921 - 1921</li>
        <li class='office-holder'><a href="/people/sir-douglas-hacking">Sir Douglas Hacking</a> 1922 - 1925</li>
        <li class='office-holder'><a href="/people/sir-philip-colfox">Sir Philip Colfox</a> 1922 - 1923</li>
        <li class='office-holder'><a href="/people/mr-morgan-jones">Mr Morgan Jones</a> 1922 - 1924</li>
        <li class='office-holder'><a href="/people/mr-alexander-scott">Mr Alexander Scott</a> 1922 - 1922</li>
        <li class='office-holder'><a href="/people/sir-arthur-marshall">Sir Arthur Marshall</a> 1922 - 1923</li>
        <li class='office-holder'><a href="/people/mr-thomas-kennedy-1">Mr Thomas Kennedy</a> 1923 - 1925</li>
        <li class='office-holder'><a href="/people/mr-frank-gray">Mr Frank Gray</a> 1924 - 1924</li>
        <li class='office-holder'><a href="/people/mr-gwilym-lloyd-george">Mr Gwilym Lloyd George</a> 1924 - 1924</li>
        <li class='office-holder'><a href="/people/mr-david-margesson">Mr David Margesson</a> 1924 - 1931</li>
        <li class='office-holder'><a href="/people/major-general-sir-robert-hutchison">Major-General Sir Robert Hutchison</a> 1924 - 1926</li>
        <li class='office-holder'><a href="/people/mr-john-davison-1">Mr John Davison</a> 1924 - ?</li>
        <li class='office-holder'><a href="/people/mr-thomas-henderson">Mr Thomas Henderson</a> 1925 - 1931</li>
        <li class='office-holder'><a href="/people/mr-george-bowyer">Mr George Bowyer</a> 1925 - 1935</li>
        <li class='office-holder'><a href="/people/mr-john-hayes-2">Mr John Hayes</a> 1925 - 1931</li>
        <li class='office-holder'><a href="/people/viscount-curzon-2">Viscount  Curzon</a> 1927 - 1927</li>
        <li class='office-holder'><a href="/people/dr-joseph-hunter">Dr Joseph Hunter</a> 1929 - 1931</li>
        <li class='office-holder'><a href="/people/sir-james-blindell">Sir James Blindell</a> 1931 - 1932</li>
        <li class='office-holder'><a href="/people/mr-harcourt-johnstone">Mr Harcourt Johnstone</a> 1931 - 1932</li>
        <li class='office-holder'><a href="/people/mr-thomas-groves">Mr Thomas Groves</a> 1931 - 1944</li>
        <li class='office-holder'><a href="/people/sir-austin-hudson">Sir Austin Hudson</a> 1931 - 1931</li>
        <li class='office-holder'><a href="/people/sir-james-blindell">Sir James Blindell</a> 1932 - ?</li>
        <li class='office-holder'><a href="/people/sir-henry-morris-jones">Sir Henry Morris-Jones</a> 1932 - 1935</li>
        <li class='office-holder'><a href="/people/lord-erskine">Lord  Erskine</a> 1932 - 1932</li>
        <li class='office-holder'><a href="/people/sir-robert-hamilton">Sir Robert Hamilton</a> 1934 - 1934</li>
        <li class='office-holder'><a href="/people/sir-ronald-cross">Sir Ronald Cross</a> 1935 - 1937</li>
        <li class='office-holder'><a href="/people/captain-hon-arthur-hope">Captain Hon. Arthur Hope</a> 1935 - 1935</li>
        <li class='office-holder'><a href="/people/mr-john-llewellin">Mr John Llewellin</a> 1935 - 1937</li>
        <li class='office-holder'><a href="/people/mr-henry-charleton">Mr Henry Charleton</a> 1935 - ?</li>
        <li class='office-holder'><a href="/people/mr-frank-anderson">Mr Frank Anderson</a> 1937 - 1940</li>
        <li class='office-holder'><a href="/people/mr-patrick-munro">Mr Patrick Munro</a> 1937 - 1937</li>
        <li class='office-holder'><a href="/people/mr-stephen-furness">Mr Stephen Furness</a> 1937 - 1938</li>
        <li class='office-holder'><a href="/people/lieut-colonel-john-herbert">Lieut-Colonel John Herbert</a> 1937 - 1939</li>
        <li class='office-holder'><a href="/people/major-sir-albert-edmondson">Major Sir Albert Edmondson</a> 1937 - 1939</li>
        <li class='office-holder'><a href="/people/sir-george-harvie-watt">Sir George Harvie-Watt</a> 1938 - 1940</li>
        <li class='office-holder'><a href="/people/mr-bryan-davies">Mr Bryan Davies</a> ? - ?</li>
        <li class='office-holder'><a href="/people/sir-william-boulton">Sir William Boulton</a> 1940 - ?</li>
        <li class='office-holder'><a href="/people/mr-wilfrid-burke">Mr Wilfrid Burke</a> 1943 - 1943</li>
        <li class='office-holder'><a href="/people/sir-cedric-drewe">Sir Cedric Drewe</a> 1943 - 1948</li>
        <li class='office-holder'><a href="/people/sir-charles-mott-radclyffe">Sir Charles Mott-Radclyffe</a> 1945 - 1946</li>
        <li class='office-holder'><a href="/people/commander-sir-peter-agnew">Commander Sir Peter Agnew</a> 1945 - 1950</li>
        <li class='office-holder'><a href="/people/mr-frank-collindridge">Mr Frank Collindridge</a> 1945 - 1945</li>
        <li class='office-holder'><a href="/people/mr-william-coldrick">Mr William Coldrick</a> 1946 - 1947</li>
        <li class='office-holder'><a href="/people/lieut-colonel-sir-walter-bromley-davenport">Lieut-Colonel Sir Walter Bromley-Davenport</a> 1948 - 1951</li>
        <li class='office-holder'><a href="/people/mr-hugh-delargy">Mr Hugh Delargy</a> 1950 - 1952</li>
        <li class='office-holder'><a href="/people/mr-harry-randall">Mr Harry Randall</a> 1950 - 1950</li>
        <li class='office-holder'><a href="/people/mr-arthur-allen-1">Mr Arthur Allen</a> 1951 - ?</li>
        <li class='office-holder'><a href="/people/dr-leslie-haden-guest">Dr Leslie Haden-Guest</a> 1951 - 1951</li>
        <li class='office-holder'><a href="/people/mr-donald-kaberry">Mr Donald Kaberry</a> 1952 - 1955</li>
        <li class='office-holder'><a href="/people/commander-robert-allan">Commander Robert Allan</a> 1953 - 1955</li>
        <li class='office-holder'><a href="/people/sir-harwood-harrison">Sir Harwood Harrison</a> 1954 - 1961</li>
        <li class='office-holder'><a href="/people/mr-anthony-barber">Mr Anthony Barber</a> 1955 - 1957</li>
        <li class='office-holder'><a href="/people/mr-graeme-finlay">Mr Graeme Finlay</a> 1957 - 1959</li>
        <li class='office-holder'><a href="/people/mr-john-hill">Mr John Hill</a> 1959 - 1964</li>
        <li class='office-holder'><a href="/people/mr-sydney-irving">Mr Sydney Irving</a> 1959 - 1964</li>
        <li class='office-holder'><a href="/people/mr-alfred-broughton">Mr Alfred Broughton</a> 1959 - 1964</li>
        <li class='office-holder'><a href="/people/mr-robin-chichester-clark">Mr Robin Chichester-Clark</a> 1960 - 1964</li>
        <li class='office-holder'><a href="/people/mr-ian-macarthur">Mr Ian MacArthur</a> 1962 - 1963</li>
        <li class='office-holder'><a href="/people/mr-ian-fraser">Mr Ian Fraser</a> 1962 - 1962</li>
        <li class='office-holder'><a href="/people/mr-alan-fitch">Mr Alan Fitch</a> 1964 - 1966</li>
        <li class='office-holder'><a href="/people/mr-martin-mclaren">Mr Martin McLaren</a> 1964 - 1966</li>
        <li class='office-holder'><a href="/people/mr-jasper-more">Mr Jasper More</a> 1964 - 1970</li>
        <li class='office-holder'><a href="/people/sir-geoffrey-johnson-smith">Sir Geoffrey Johnson Smith</a> 1965 - 1966</li>
        <li class='office-holder'><a href="/people/mr-david-mitchell">Mr David Mitchell</a> 1965 - 1967</li>
        <li class='office-holder'><a href="/people/mr-neil-mcbride">Mr Neil McBride</a> 1966 - 1969</li>
        <li class='office-holder'><a href="/people/mr-charles-morris">Mr Charles Morris</a> 1966 - 1969</li>
        <li class='office-holder'><a href="/people/mr-anthony-grant">Mr Anthony Grant</a> 1966 - 1970</li>
        <li class='office-holder'><a href="/people/mr-ioan-evans">Mr Ioan Evans</a> 1966 - 1968</li>
        <li class='office-holder'><a href="/people/mr-reginald-eyre">Mr Reginald Eyre</a> 1966 - 1970</li>
        <li class='office-holder'><a href="/people/mr-walter-harrison">Mr Walter Harrison</a> 1966 - 1968</li>
        <li class='office-holder'><a href="/people/mr-hector-monro">Mr Hector Monro</a> 1967 - 1970</li>
        <li class='office-holder'><a href="/people/mr-raymond-dobson">Mr Raymond Dobson</a> 1969 - 1970</li>
        <li class='office-holder'><a href="/people/mr-william-hamling">Mr William Hamling</a> 1969 - 1970</li>
        <li class='office-holder'><a href="/people/mr-victor-goodhew">Mr Victor Goodhew</a> 1970 - 1974</li>
        <li class='office-holder'><a href="/people/mr-donald-coleman">Mr Donald Coleman</a> 1970 - 1974</li>
        <li class='office-holder'><a href="/people/mr-joseph-harper">Mr Joseph Harper</a> 1970 - 1974</li>
        <li class='office-holder'><a href="/people/mr-william-hamling">Mr William Hamling</a> 1970 - 1973</li>
        <li class='office-holder'><a href="/people/mr-tim-fortescue">Mr Tim Fortescue</a> 1971 - ?</li>
        <li class='office-holder'><a href="/people/mr-hamish-gray">Mr Hamish Gray</a> 1971 - 1973</li>
        <li class='office-holder'><a href="/people/mr-oscar-murton">Mr Oscar Murton</a> 1971 - 1972</li>
        <li class='office-holder'><a href="/people/mr-michael-jopling">Mr Michael Jopling</a> 1972 - 1973</li>
        <li class='office-holder'><a href="/people/mr-robert-hicks">Mr Robert Hicks</a> 1973 - 1974</li>
        <li class='office-holder'><a href="/people/mr-alfred-hall-davis">Mr Alfred Hall-Davis</a> 1973 - 1974</li>
        <li class='office-holder'><a href="/people/mr-tom-cox">Mr Tom Cox</a> 1974 - 1979</li>
        <li class='office-holder'><a href="/people/miss-betty-boothroyd">Miss Betty Boothroyd</a> 1974 - 1976</li>
        <li class='office-holder'><a href="/people/mr-donald-coleman">Mr Donald Coleman</a> 1974 - 1979</li>
        <li class='office-holder'><a href="/people/mr-james-lester">Mr James Lester</a> 1974 - 1979</li>
        <li class='office-holder'><a href="/people/mr-michael-cocks">Mr Michael Cocks</a> 1974 - 1976</li>
        <li class='office-holder'><a href="/people/hon-adam-butler">Hon. Adam Butler</a> 1974 - 1974</li>
        <li class='office-holder'><a href="/people/mr-james-dunn">Mr James Dunn</a> 1974 - 1976</li>
        <li class='office-holder'><a href="/people/miss-margaret-jackson">Miss Margaret Jackson</a> 1975 - 1975</li>
        <li class='office-holder'><a href="/people/mr-joe-ashton">Mr Joe Ashton</a> 1976 - 1977</li>
        <li class='office-holder'><a href="/people/hon-robert-boscawen">Hon. Robert Boscawen</a> 1979 - ?</li>
        <li class='office-holder'><a href="/people/hon-peter-morrison">Hon. Peter Morrison</a> 1979 - 1981</li>
        <li class='office-holder'><a href="/people/sir-john-cope">Sir John Cope</a> 1979 - 1983</li>
        <li class='office-holder'><a href="/people/lieut-colonel-david-mather">Lieut-Colonel David Mather</a> 1979 - ?</li>
        <li class='office-holder'><a href="/people/mr-john-evans-2">Mr John Evans</a> 1979 - 1979</li>
        <li class='office-holder'><a href="/people/mr-john-macgregor">Mr John MacGregor</a> 1979 - 1981</li>
        <li class='office-holder'><a href="/people/lord-james-douglas-hamilton">Lord James Douglas-Hamilton</a> 1979 - 1981</li>
        <li class='office-holder'><a href="/people/mr-nicholas-budgen">Mr Nicholas Budgen</a> 1981 - 1982</li>
        <li class='office-holder'><a href="/people/mr-john-gummer">Mr John Gummer</a> 1981 - 1983</li>
        <li class='office-holder'><a href="/people/mr-ian-lang">Mr Ian Lang</a> 1981 - 1983</li>
        <li class='office-holder'><a href="/people/mr-alastair-goodlad">Mr Alastair Goodlad</a> 1981 - 1984</li>
        <li class='office-holder'><a href="/people/mr-david-hunt">Mr David Hunt</a> 1981 - 1984</li>
        <li class='office-holder'><a href="/people/sir-archie-hamilton">Sir Archie Hamilton</a> 1982 - 1986</li>
        <li class='office-holder'><a href="/people/mr-tristan-garel-jones">Mr Tristan Garel-Jones</a> 1982 - 1989</li>
        <li class='office-holder'><a href="/people/mr-ian-lang">Mr Ian Lang</a> 1983 - 1986</li>
        <li class='office-holder'><a href="/people/mr-douglas-hogg">Mr Douglas Hogg</a> 1983 - 1984</li>
        <li class='office-holder'><a href="/people/mr-john-major">Mr John Major</a> 1983 - 1985</li>
        <li class='office-holder'><a href="/people/mr-donald-thompson">Mr Donald Thompson</a> 1983 - 1986</li>
        <li class='office-holder'><a href="/people/mr-michael-neubert">Mr Michael Neubert</a> 1983 - 1988</li>
        <li class='office-holder'><a href="/people/sir-peter-lloyd">Sir Peter Lloyd</a> 1984 - 1988</li>
        <li class='office-holder'><a href="/people/mr-anthony-durant">Mr Anthony Durant</a> 1984 - 1990</li>
        <li class='office-holder'><a href="/people/mr-francis-maude">Mr Francis Maude</a> 1985 - 1987</li>
        <li class='office-holder'><a href="/people/mr-mark-lennox-boyd">Mr Mark Lennox-Boyd</a> 1986 - 1988</li>
        <li class='office-holder'><a href="/people/sir-david-lightbown">Sir David Lightbown</a> 1986 - ?</li>
        <li class='office-holder'><a href="/people/mr-gerald-malone">Mr Gerald Malone</a> 1986 - 1987</li>
        <li class='office-holder'><a href="/people/mr-kenneth-carlisle">Mr Kenneth Carlisle</a> 1987 - 1990</li>
        <li class='office-holder'><a href="/people/mr-stephen-dorrell">Mr Stephen Dorrell</a> 1987 - 1990</li>
        <li class='office-holder'><a href="/people/mr-alan-howarth">Mr Alan Howarth</a> 1987 - 1988</li>
        <li class='office-holder'><a href="/people/mr-david-maclean">Mr David MacLean</a> 1987 - 1989</li>
        <li class='office-holder'><a href="/people/mr-michael-fallon">Mr Michael Fallon</a> 1988 - 1990</li>
        <li class='office-holder'><a href="/people/mr-david-heathcoat-amory">Mr David Heathcoat-Amory</a> 1988 - 1989</li>
        <li class='office-holder'><a href="/people/sir-sydney-chapman">Sir Sydney Chapman</a> 1988 - ?</li>
        <li class='office-holder'><a href="/people/mr-john-taylor-1">Mr John Taylor</a> 1989 - 1990</li>
        <li class='office-holder'><a href="/people/mr-nicholas-baker">Mr Nicholas Baker</a> 1989 - 1990</li>
        <li class='office-holder'><a href="/people/mr-tom-sackville">Mr Tom Sackville</a> 1989 - 1992</li>
        <li class='office-holder'><a href="/people/sir-george-young">Sir George Young</a> 1990 - 1990</li>
        <li class='office-holder'><a href="/people/mr-david-davis">Mr David Davis</a> 1990 - 1993</li>
        <li class='office-holder'><a href="/people/mr-timothy-kirkhope">Mr Timothy Kirkhope</a> 1990 - ?</li>
        <li class='office-holder'><a href="/people/mr-tim-boswell">Mr Tim Boswell</a> 1990 - 1993</li>
        <li class='office-holder'><a href="/people/mr-neil-hamilton">Mr Neil Hamilton</a> 1990 - 1992</li>
        <li class='office-holder'><a href="/people/mr-greg-knight">Mr Greg Knight</a> 1990 - ?</li>
        <li class='office-holder'><a href="/people/mr-timothy-wood">Mr Timothy Wood</a> 1992 - 1997</li>
        <li class='office-holder'><a href="/people/mr-robert-hughes">Mr Robert Hughes</a> 1992 - ?</li>
        <li class='office-holder'><a href="/people/mr-andrew-mackay">Mr Andrew MacKay</a> 1992 - 1997</li>
        <li class='office-holder'><a href="/people/mr-andrew-mitchell">Mr Andrew Mitchell</a> 1992 - ?</li>
        <li class='office-holder'><a href="/people/mr-derek-conway">Mr Derek Conway</a> 1993 - 1997</li>
        <li class='office-holder'><a href="/people/mr-james-arbuthnot">Mr James Arbuthnot</a> 1993 - ?</li>
        <li class='office-holder'><a href="/people/mr-david-willetts">Mr David Willetts</a> 1994 - 1995</li>
        <li class='office-holder'><a href="/people/mr-bowen-wells">Mr Bowen Wells</a> 1995 - 1997</li>
        <li class='office-holder'><a href="/people/mr-roger-knapman">Mr Roger Knapman</a> 1995 - 1997</li>
        <li class='office-holder'><a href="/people/mrs-jacqui-lait">Mrs Jacqui Lait</a> 1996 - 1997</li>
        <li class='office-holder'><a href="/people/mr-sebastian-coe">Mr Sebastian Coe</a> 1996 - 1997</li>
        <li class='office-holder'><a href="/people/mr-richard-ottaway">Mr Richard Ottaway</a> 1996 - 1997</li>
        <li class='office-holder'><a href="/people/mr-jim-dowd">Mr Jim Dowd</a> 1997 - ?</li>
        <li class='office-holder'><a href="/people/mr-david-jamieson">Mr David Jamieson</a> 1997 - 2001</li>
      </ol>
      
      <div id='section-navigation'></div>
    </div>
    <div id='footer'>
      <p><a href="/typos">Noticed a typo?</a> | <a href='https://spreadsheets.google.com/viewform?key=p_zCPmAX1qx1llDkHKzRlNQ' target='_BLANK' title='Opens a new page'>Report other issues</a> | <a href='http://www.parliament.uk/site_information/parliamentary_copyright.cfm' rel='copyright' id='copyright'>&copy UK Parliament</a></p>
      <script type='text/javascript'>
        var gaJsHost = (("https:" == document.location.protocol) ? "https://ssl." : "http://www.");
        document.write(unescape("%3Cscript src='" + gaJsHost + "google-analytics.com/ga.js' type='text/javascript'%3E%3C/script%3E"));
      </script>
      <script type='text/javascript'>
        var pageTracker = _gat._getTracker("UA-3110135-1");
        pageTracker._initData();
        pageTracker._trackPageview();
      </script>
    </div>
  </body>
</html>
